program id,grant title,program acronym,acronym definition,funding type,government level,funding agency/organization,program category,brief description,eligibility notes,brewery relevance score,confidence level,source authority rank,freshness score,estimated amount,minimum award amount,maximum award amount,matching requirement,interest rate,forgivable loan eligible,stackable with other incentives,application deadline,application cycle,program status,application URL,source URL,states that are eligible,county,municipality,zip code eligible,census tract eligible,opportunity zone eligible,rural eligible,distressed area eligible,industry focus,business stage,program recurrence frequency,discovery source depth,maintenance priority,last verified date,next recommended verification date,verification source type,additional notes,program priority tier,manual review required,last detected change date,record created date,record updated date,active record
FED-USDA-REAP,U.S. Department of Agriculture (USDA) Rural Energy for America Program (REAP) Renewable Energy Systems & Energy Efficiency Improvement Guaranteed Loans and Grants,REAP; USDA,REAP = Rural Energy for America Program; USDA = U.S. Department of Agriculture,Loan Guarantee,Federal,U.S. Department of Agriculture (USDA) Rural Development,Energy Efficiency / Sustainability,Provides grant funding and guaranteed loan financing for rural small businesses and agricultural producers to install renewable energy systems or make energy-efficiency improvements.,"Potential fit for rural breweries, brewpubs, and beverage manufacturers with qualifying energy projects such as solar, refrigeration, Heating, Ventilation, and Air Conditioning (HVAC), boilers, lighting, or process efficiency.",4,High,3,5,Varies,Unknown,Varies,Generally required; percentage varies by project and funding type,Varies,No,Yes,Grant applications not currently accepted; guaranteed loan applications may be submitted,Pending new U.S. Department of Agriculture (USDA) guidance/regulatory changes,Temporarily Closed,https://www.rd.usda.gov/programs-services/energy-programs/rural-energy-america-program-renewable-energy-systems-energy-efficiency-improvement-guaranteed-loans,https://www.rd.usda.gov/programs-services/energy-programs/rural-energy-america-program-renewable-energy-systems-energy-efficiency-improvement-guaranteed-loans,All states,Unknown,Unknown,Unknown,Unknown,Unknown,Yes,Unknown,Energy-intensive small business; rural manufacturing,Sustainability,Recurring,Landing Page,Critical,2026-05-08,2026-06-07,Official Government Site,2026 official update: U.S. Department of Agriculture (USDA) is not accepting new Rural Energy for America Program (REAP) grant applications under the rescinded Fiscal Year (FY) 2025-2027 Notice of Funding Opportunity (NOFO); guaranteed loan applications may continue. Confirm before presenting grant availability to users.,Tier 1,Yes,2026-05-08,2026-05-08,2026-05-08,Yes
FED-USDA-RBDG,U.S. Department of Agriculture (USDA) Rural Business Development Grants (RBDG),USDA,USDA = U.S. Department of Agriculture,Grant,Federal,U.S. Department of Agriculture (USDA) Rural Development,Rural Business Development,Provides grant money to assist with economic development planning and/or the financing or expansion of rural businesses.,"Funds generally go to eligible public bodies/nonprofits/tribes rather than directly to businesses; breweries may benefit through local revolving loan funds, technical assistance, incubators, or community projects.",2,High,3,5,Varies,Unknown,Varies,Varies,N/A,No,Yes,Varies by state office,Annual/State office cycle,Active,https://www.rd.usda.gov/programs-services/business-programs/rural-business-development-grants,https://www.rd.usda.gov/programs-services/business-programs/rural-business-development-grants,All states,Unknown,Unknown,Unknown,Unknown,Unknown,Yes,Unknown,Rural business development,Rural Development,Annual,Landing Page,High,2026-05-08,2026-08-06,Official Government Site,Track state Rural Development (RD) office notices and intermediary RLFs.,Tier 2,No,Unknown,2026-05-08,2026-05-08,Yes
FED-US-U-S-SMALL-BUSI-SBA-504-LOAN-PROGRAM,U.S. Small Business Administration (SBA) 504 Loan Program,SBA,SBA = U.S. Small Business Administration,Loan,Federal,U.S. Small Business Administration,Fixed Asset Financing,Long-term fixed-rate financing for major fixed assets that promote business growth and job creation.,"Strong fit for breweries purchasing land, buildings, construction, renovations, or large equipment through CDC/lender structure.",4,High,3,5,Up to $5.5M SBA debenture portion,Unknown,"$5,500,000",Borrower contribution commonly required; structure varies,Fixed; set by market/SBA debenture terms,No,Yes,Rolling,Rolling through CDCs,Active,https://www.sba.gov/funding-programs/loans/504-loans,https://www.sba.gov/funding-programs/loans/504-loans,All states,Unknown,Unknown,Unknown,Unknown,Unknown,Unknown,Unknown,Small business fixed assets; manufacturing; hospitality,Expansion,Ongoing,Landing Page,Critical,2026-05-08,2026-08-06,Official Government Site,"Excellent fit for brewery buildouts, real estate, and equipment.",Tier 1,No,Unknown,2026-05-08,2026-05-08,Yes
FED-SBA-7A,U.S. Small Business Administration (SBA) 7(a) Loan Program,SBA,SBA = U.S. Small Business Administration,Loan / Loan Guarantee,Federal,U.S. Small Business Administration,Small Business Financing,"SBA-guaranteed loans for most business purposes including working capital, equipment, expansion, real estate, and business acquisition.",Broad fit for startup or existing breweries depending on lender underwriting and U.S. Small Business Administration (SBA) eligibility.,3,High,3,5,Up to $5M,Unknown,"$5,000,000",Equity/collateral requirements vary by lender,"Negotiated, subject to SBA maximums",No,Yes,Rolling,Rolling through U.S. Small Business Administration (SBA) lenders,Active,https://www.sba.gov/funding-programs/loans,https://www.sba.gov/funding-programs/loans,All states,Unknown,Unknown,Unknown,Unknown,Unknown,Unknown,Unknown,Small business financing,Mixed,Ongoing,Landing Page,Critical,2026-05-08,2026-08-06,Official Government Site,Use as baseline national loan product.,Tier 1,No,Unknown,2026-05-08,2026-05-08,Yes
FED-EDA-PUBLIC-WORKS,Economic Development Administration (EDA) Public Works Program,EDA,EDA = Economic Development Administration,Grant,Federal,U.S. Economic Development Administration,Infrastructure / Economic Development,"Supports distressed communities to revitalize, expand, and upgrade physical infrastructure to attract industry, encourage expansion, and create/retain jobs.","Usually applicant is public/quasi-public entity; breweries may benefit indirectly through industrial sites, downtown districts, utility upgrades, or redevelopment infrastructure.",2,High,3,5,Varies,Unknown,Varies,Matching share usually required,N/A,No,Yes,Rolling,NOFO/Competitive,Active,https://www.eda.gov/funding/programs/public-works,https://www.eda.gov/funding/programs/public-works,All states,Unknown,Unknown,Unknown,Unknown,Unknown,Unknown,Yes,Infrastructure/economic development,Expansion,Recurring Notice of Funding Opportunity (NOFO),Landing Page,High,2026-05-08,2026-08-06,Official Government Site,Indirect but high value for brewery clusters and redevelopment districts.,Tier 2,No,Unknown,2026-05-08,2026-05-08,Yes
FED-EDA-EAA,Economic Development Administration (EDA) Economic Adjustment Assistance Program,EDA,EDA = Economic Development Administration,Grant / Technical Assistance,Federal,U.S. Economic Development Administration,Economic Development / Infrastructure,"Flexible Economic Development Administration (EDA) program supporting technical, planning, public works, and infrastructure assistance in regions experiencing economic changes.",Indirect fit when brewery/manufacturing/tourism development is part of a regional economic recovery or redevelopment strategy.,2,High,3,5,Varies,Unknown,Varies,Matching share usually required,N/A,No,Yes,NOFO-based,NOFO/Competitive,Active,https://www.eda.gov/funding/programs/economic-adjustment-assistance,https://www.eda.gov/funding/programs/economic-adjustment-assistance,All states,Unknown,Unknown,Unknown,Unknown,Unknown,Unknown,Yes,Regional economic development,Mixed,Recurring Notice of Funding Opportunity (NOFO),Landing Page,High,2026-05-08,2026-08-06,Official Government Site,Important for local governments/EDOs supporting brewery-related redevelopment.,Tier 2,No,Unknown,2026-05-08,2026-05-08,Yes
FED-NPS-HISTORIC-TAX-CREDIT,Federal Historic Rehabilitation Tax Credit,None,None,Tax Credit,Federal,Internal Revenue Service / National Park Service,Historic Preservation,Federal tax incentive for rehabilitating qualifying historic income-producing buildings; generally equal to 20% of qualified rehabilitation expenses.,"Strong fit for breweries, brewpubs, or taprooms redeveloping certified historic industrial/commercial buildings.",4,High,3,5,20% of qualified rehabilitation expenses,Unknown,Varies,N/A,N/A,No,Yes,Rolling/project-based,Project-based certification,Active,https://www.irs.gov/businesses/small-businesses-self-employed/rehabilitation-credit,https://www.irs.gov/businesses/small-businesses-self-employed/rehabilitation-credit,All states,Unknown,Unknown,Unknown,Unknown,Potentially,Unknown,Potentially,Historic adaptive reuse,Expansion,Ongoing,Landing Page,Critical,2026-05-08,2026-08-06,Official Government Site,Often stackable with state historic credits and local redevelopment incentives; requires specialized tax counsel.,Tier 1,No,Unknown,2026-05-08,2026-05-08,Yes
FED-EPA-BROWNFIELDS,"Environmental Protection Agency (EPA) Brownfields Multipurpose, Assessment, Cleanup, and Revolving Loan Fund Grants",EPA,EPA = Environmental Protection Agency,Grant / Loan,Federal,U.S. Environmental Protection Agency,Brownfield Redevelopment,"Supports assessment, cleanup, and revolving loan fund activity for contaminated or potentially contaminated properties.","Indirect fit for breweries redeveloping former industrial sites; usually applicant is municipality, redevelopment authority, tribe, or eligible nonprofit.",2,Medium,3,5,Varies,Unknown,Varies,Varies,Varies for RLF,Potentially via local RLF,Yes,NOFO-based,Annual/NOFO,Active,https://www.epa.gov/brownfields,https://www.epa.gov/brownfields,All states,Unknown,Unknown,Unknown,Unknown,Potentially,Unknown,Yes,Brownfields/adaptive reuse,Expansion,Annual/Recurring,Landing Page,High,2026-05-08,2026-08-06,Official Government Site,Track local Revolving Loan Fund (RLF) subrecipient opportunities.,Tier 2,Yes,Unknown,2026-05-08,2026-05-08,Yes
FED-SBA-STEP,State Trade Expansion Program (STEP),STEP; SBA,STEP = State Trade Expansion Program; SBA = U.S. Small Business Administration,Grant / Matching Funds,Federal/State,U.S. Small Business Administration and State Trade Offices,Export Assistance,Provides U.S. Small Business Administration (SBA) funds to states/territories to help small businesses enter and expand into international markets.,"Useful for breweries exporting beer, ingredients, services, or participating in international trade shows; state-specific application rules vary.",3,High,3,5,Varies by state,Unknown,Varies,Match or reimbursement structure varies by state,N/A,No,Yes,Varies by state cycle,State-specific cycle,Active,https://www.sba.gov/funding-programs/grants/state-trade-expansion-program-step,https://www.sba.gov/funding-programs/grants/state-trade-expansion-program-step,All states,Unknown,Unknown,Unknown,Unknown,Unknown,Unknown,Unknown,Export assistance,Export,Annual/Recurring,Landing Page,High,2026-05-08,2026-08-06,Official Government Site,Add state-specific State Trade Expansion Program (STEP) grant pages during additional verification or detail extraction.,Tier 2,No,Unknown,2026-05-08,2026-05-08,Yes
FEDER-U-S-TREASURY-A-STATE-SMALL-BUSINESS-CREDIT-INITIATIVE-SSBCI-CAPIT,State Small Business Credit Initiative (SSBCI) Capital Programs,SSBCI,SSBCI = State Small Business Credit Initiative,Loan / Loan Guarantee / Investment,Federal/State,U.S. Treasury and State Administrators,Access to Capital,Nearly $10B national program supporting small businesses and entrepreneurship through state-run credit and investment programs.,"Potential fit for breweries needing loan participation, collateral support, loan guarantees, venture-style capital, or technical assistance; program design varies by state.",3,High,3,5,Varies by state,Unknown,Varies,Varies,Varies,No,Yes,Varies by state,State-specific cycle,Active,https://home.treasury.gov/policy-issues/small-business-programs/state-small-business-credit-initiative-ssbci/capital-program-list-of-programs-and-contacts,https://home.treasury.gov/policy-issues/small-business-programs/state-small-business-credit-initiative-ssbci,All states,Unknown,Unknown,Unknown,Potentially,Potentially,Unknown,Potentially,Small business capital,Mixed,Ongoing,Subpage,Critical,2026-05-08,2026-08-06,Official Government Site,Use Treasury state program summaries as master directory; break into state-specific programs over time.,Tier 1,No,Unknown,2026-05-08,2026-05-08,Yes
FEDER-NC-CLEAN-ENERG-DSIRE-RENEWABLE-ENERGY-AND-ENERGY-EFFICIENCY-INCEN,DSIRE Renewable Energy and Energy Efficiency Incentive Database,None,None,Rebate / Tax Credit / Grant / Loan,Federal/State/Utility,NC Clean Energy Technology Center / DOE-linked resource,Energy Efficiency / Utility Incentives,"National database of renewable energy and efficiency incentives and policies, including financial incentives such as rebates, tax incentives, grants, and loans.","Useful discovery source for brewery-specific equipment incentives: refrigeration, Heating, Ventilation, and Air Conditioning (HVAC), boilers, lighting, motors, compressed air, solar, and food-service equipment.",3,High,3,5,Varies,Unknown,Varies,Varies,N/A,No,Yes,Varies,Rolling/Program-specific,Active,https://dsireusa.org/,https://www.energy.gov/cmei/buildings/find-financing-energy-efficiency-upgrades,All states,Unknown,Unknown,Potentially,Potentially,Potentially,Potentially,Potentially,Energy efficiency and renewable energy,Sustainability,Ongoing,Landing Page,Critical,2026-05-08,2026-08-06,Official Government Site,Use DSIRE as discovery source; verify each utility/state program at original provider source before final production.,Tier 1,Yes,Unknown,2026-05-08,2026-05-08,Yes
FED-TREASURY-CDFI,Community Development Financial Institution (CDFI) Fund / Community Development Financial Institutions Financing,CDFI,CDFI = Community Development Financial Institution,Loan / Technical Assistance,Federal/Regional,U.S. Treasury Community Development Financial Institution (CDFI) Fund and certified CDFIs,Community Development Finance,Community Development Financial Institution (CDFI) ecosystem provides financing and technical assistance to underserved businesses and communities through certified lenders.,"Potential fit for breweries in underserved, rural, low-income, or redevelopment markets needing flexible capital when bank financing is difficult.",2,Medium,3,5,Varies,Unknown,Varies,Varies,Varies,No,Yes,Rolling,CDFI-specific,Active,https://www.cdfifund.gov/,https://www.cdfifund.gov/,All states,Unknown,Unknown,Potentially,Potentially,Potentially,Potentially,Yes,Community development finance,Mixed,Ongoing,Landing Page,High,2026-05-08,2026-08-06,Official Government Site,Needs CDFI-by-region enrichment for direct application links.,Tier 2,Yes,Unknown,2026-05-08,2026-05-08,Yes
STATE-AL-ALABAMA-SSBCI--ALABAMA-STATE-SMALL-BUSINESS-CREDIT-INITIATIVE-SSB,Alabama State Small Business Credit Initiative (SSBCI) Capital Programs,SSBCI,SSBCI = State Small Business Credit Initiative,Loan / Loan Guarantee / Investment,State,Alabama State Small Business Credit Initiative (SSBCI) administrator / U.S. Treasury approved programs,Access to Capital,"State-administered State Small Business Credit Initiative (SSBCI) capital programs intended to expand access to loans, guarantees, collateral support, participation loans, or investment capital for small businesses in Alabama.","Potential fit for breweries needing startup capital, expansion financing, equipment financing, working capital, or collateral support; exact terms depend on state-approved programs and local lenders/CDFIs.",3,Medium,3,5,Varies,Unknown,Varies,Varies,Varies,No,Yes,Varies by state/program,State-specific cycle,Active,https://home.treasury.gov/policy-issues/small-business-programs/state-small-business-credit-initiative-ssbci/capital-program-list-of-programs-and-contacts,https://home.treasury.gov/policy-issues/small-business-programs/state-small-business-credit-initiative-ssbci/capital-program-summaries,Alabama,Unknown,Unknown,Unknown,Unknown,Unknown,Unknown,Unknown,Small business capital; manufacturing; hospitality,Mixed,Ongoing/State-specific,Subpage,Medium,2026-05-08,2026-11-04,Official Government Site,"Seed row for complete 50-state coverage. additional verification or detail extraction should split state-specific loan participation, collateral support, and venture programs into separate child records.",Tier 2,Yes,Unknown,2026-05-08,2026-05-08,Yes
STATE-AK-ALASKA-SSBCI-A-ALASKA-STATE-SMALL-BUSINESS-CREDIT-INITIATIVE-SSBC,Alaska State Small Business Credit Initiative (SSBCI) Capital Programs,SSBCI,SSBCI = State Small Business Credit Initiative,Loan / Loan Guarantee / Investment,State,Alaska State Small Business Credit Initiative (SSBCI) administrator / U.S. Treasury approved programs,Access to Capital,"State-administered State Small Business Credit Initiative (SSBCI) capital programs intended to expand access to loans, guarantees, collateral support, participation loans, or investment capital for small businesses in Alaska.","Potential fit for breweries needing startup capital, expansion financing, equipment financing, working capital, or collateral support; exact terms depend on state-approved programs and local lenders/CDFIs.",3,Medium,3,5,Varies,Unknown,Varies,Varies,Varies,No,Yes,Varies by state/program,State-specific cycle,Active,https://home.treasury.gov/policy-issues/small-business-programs/state-small-business-credit-initiative-ssbci/capital-program-list-of-programs-and-contacts,https://home.treasury.gov/policy-issues/small-business-programs/state-small-business-credit-initiative-ssbci/capital-program-summaries,Alaska,Unknown,Unknown,Unknown,Unknown,Unknown,Unknown,Unknown,Small business capital; manufacturing; hospitality,Mixed,Ongoing/State-specific,Subpage,Medium,2026-05-08,2026-11-04,Official Government Site,"Seed row for complete 50-state coverage. additional verification or detail extraction should split state-specific loan participation, collateral support, and venture programs into separate child records.",Tier 2,Yes,Unknown,2026-05-08,2026-05-08,Yes
STATE-AZ-ARIZONA-SSBCI--ARIZONA-STATE-SMALL-BUSINESS-CREDIT-INITIATIVE-SSB,Arizona State Small Business Credit Initiative (SSBCI) Capital Programs,SSBCI,SSBCI = State Small Business Credit Initiative,Loan / Loan Guarantee / Investment,State,Arizona State Small Business Credit Initiative (SSBCI) administrator / U.S. Treasury approved programs,Access to Capital,"State-administered State Small Business Credit Initiative (SSBCI) capital programs intended to expand access to loans, guarantees, collateral support, participation loans, or investment capital for small businesses in Arizona.","Potential fit for breweries needing startup capital, expansion financing, equipment financing, working capital, or collateral support; exact terms depend on state-approved programs and local lenders/CDFIs.",3,Medium,3,5,Varies,Unknown,Varies,Varies,Varies,No,Yes,Varies by state/program,State-specific cycle,Active,https://home.treasury.gov/policy-issues/small-business-programs/state-small-business-credit-initiative-ssbci/capital-program-list-of-programs-and-contacts,https://home.treasury.gov/policy-issues/small-business-programs/state-small-business-credit-initiative-ssbci/capital-program-summaries,Arizona,Unknown,Unknown,Unknown,Unknown,Unknown,Unknown,Unknown,Small business capital; manufacturing; hospitality,Mixed,Ongoing/State-specific,Subpage,Medium,2026-05-08,2026-11-04,Official Government Site,"Seed row for complete 50-state coverage. additional verification or detail extraction should split state-specific loan participation, collateral support, and venture programs into separate child records.",Tier 2,Yes,Unknown,2026-05-08,2026-05-08,Yes
STATE-AR-ARKANSAS-SSBCI-ARKANSAS-STATE-SMALL-BUSINESS-CREDIT-INITIATIVE-SS,Arkansas State Small Business Credit Initiative (SSBCI) Capital Programs,SSBCI,SSBCI = State Small Business Credit Initiative,Loan / Loan Guarantee / Investment,State,Arkansas State Small Business Credit Initiative (SSBCI) administrator / U.S. Treasury approved programs,Access to Capital,"State-administered State Small Business Credit Initiative (SSBCI) capital programs intended to expand access to loans, guarantees, collateral support, participation loans, or investment capital for small businesses in Arkansas.","Potential fit for breweries needing startup capital, expansion financing, equipment financing, working capital, or collateral support; exact terms depend on state-approved programs and local lenders/CDFIs.",3,Medium,3,5,Varies,Unknown,Varies,Varies,Varies,No,Yes,Varies by state/program,State-specific cycle,Active,https://home.treasury.gov/policy-issues/small-business-programs/state-small-business-credit-initiative-ssbci/capital-program-list-of-programs-and-contacts,https://home.treasury.gov/policy-issues/small-business-programs/state-small-business-credit-initiative-ssbci/capital-program-summaries,Arkansas,Unknown,Unknown,Unknown,Unknown,Unknown,Unknown,Unknown,Small business capital; manufacturing; hospitality,Mixed,Ongoing/State-specific,Subpage,Medium,2026-05-08,2026-11-04,Official Government Site,"Seed row for complete 50-state coverage. additional verification or detail extraction should split state-specific loan participation, collateral support, and venture programs into separate child records.",Tier 2,Yes,Unknown,2026-05-08,2026-05-08,Yes
STATE-CA-CALIFORNIA-SSB-CALIFORNIA-STATE-SMALL-BUSINESS-CREDIT-INITIATIVE-,California State Small Business Credit Initiative (SSBCI) Capital Programs,SSBCI,SSBCI = State Small Business Credit Initiative,Loan / Loan Guarantee / Investment,State,California State Small Business Credit Initiative (SSBCI) administrator / U.S. Treasury approved programs,Access to Capital,"State-administered State Small Business Credit Initiative (SSBCI) capital programs intended to expand access to loans, guarantees, collateral support, participation loans, or investment capital for small businesses in California.","Potential fit for breweries needing startup capital, expansion financing, equipment financing, working capital, or collateral support; exact terms depend on state-approved programs and local lenders/CDFIs.",3,High,3,5,Varies,Unknown,Varies,Varies,Varies,No,Yes,Varies by state/program,State-specific cycle,Active,https://home.treasury.gov/policy-issues/small-business-programs/state-small-business-credit-initiative-ssbci/capital-program-list-of-programs-and-contacts,https://home.treasury.gov/policy-issues/small-business-programs/state-small-business-credit-initiative-ssbci/capital-program-summaries,California,Unknown,Unknown,Unknown,Unknown,Unknown,Unknown,Unknown,Small business capital; manufacturing; hospitality,Mixed,Ongoing/State-specific,Subpage,High,2026-05-08,2026-08-06,Official Government Site,"Seed row for complete 50-state coverage. additional verification or detail extraction should split state-specific loan participation, collateral support, and venture programs into separate child records.",Tier 2,No,Unknown,2026-05-08,2026-05-08,Yes
STATE-CO-COLORADO-SSBCI-COLORADO-STATE-SMALL-BUSINESS-CREDIT-INITIATIVE-SS,Colorado State Small Business Credit Initiative (SSBCI) Capital Programs,SSBCI,SSBCI = State Small Business Credit Initiative,Loan / Loan Guarantee / Investment,State,Colorado State Small Business Credit Initiative (SSBCI) administrator / U.S. Treasury approved programs,Access to Capital,"State-administered State Small Business Credit Initiative (SSBCI) capital programs intended to expand access to loans, guarantees, collateral support, participation loans, or investment capital for small businesses in Colorado.","Potential fit for breweries needing startup capital, expansion financing, equipment financing, working capital, or collateral support; exact terms depend on state-approved programs and local lenders/CDFIs.",3,High,3,5,Varies,Unknown,Varies,Varies,Varies,No,Yes,Varies by state/program,State-specific cycle,Active,https://home.treasury.gov/policy-issues/small-business-programs/state-small-business-credit-initiative-ssbci/capital-program-list-of-programs-and-contacts,https://home.treasury.gov/policy-issues/small-business-programs/state-small-business-credit-initiative-ssbci/capital-program-summaries,Colorado,Unknown,Unknown,Unknown,Unknown,Unknown,Unknown,Unknown,Small business capital; manufacturing; hospitality,Mixed,Ongoing/State-specific,Subpage,High,2026-05-08,2026-08-06,Official Government Site,"Seed row for complete 50-state coverage. additional verification or detail extraction should split state-specific loan participation, collateral support, and venture programs into separate child records.",Tier 2,No,Unknown,2026-05-08,2026-05-08,Yes
STATE-CT-CONNECTICUT-SS-CONNECTICUT-STATE-SMALL-BUSINESS-CREDIT-INITIATIVE,Connecticut State Small Business Credit Initiative (SSBCI) Capital Programs,SSBCI,SSBCI = State Small Business Credit Initiative,Loan / Loan Guarantee / Investment,State,Connecticut State Small Business Credit Initiative (SSBCI) administrator / U.S. Treasury approved programs,Access to Capital,"State-administered State Small Business Credit Initiative (SSBCI) capital programs intended to expand access to loans, guarantees, collateral support, participation loans, or investment capital for small businesses in Connecticut.","Potential fit for breweries needing startup capital, expansion financing, equipment financing, working capital, or collateral support; exact terms depend on state-approved programs and local lenders/CDFIs.",3,Medium,3,5,Varies,Unknown,Varies,Varies,Varies,No,Yes,Varies by state/program,State-specific cycle,Active,https://home.treasury.gov/policy-issues/small-business-programs/state-small-business-credit-initiative-ssbci/capital-program-list-of-programs-and-contacts,https://home.treasury.gov/policy-issues/small-business-programs/state-small-business-credit-initiative-ssbci/capital-program-summaries,Connecticut,Unknown,Unknown,Unknown,Unknown,Unknown,Unknown,Unknown,Small business capital; manufacturing; hospitality,Mixed,Ongoing/State-specific,Subpage,Medium,2026-05-08,2026-11-04,Official Government Site,"Seed row for complete 50-state coverage. additional verification or detail extraction should split state-specific loan participation, collateral support, and venture programs into separate child records.",Tier 2,Yes,Unknown,2026-05-08,2026-05-08,Yes
STATE-DE-DELAWARE-SSBCI-DELAWARE-STATE-SMALL-BUSINESS-CREDIT-INITIATIVE-SS,Delaware State Small Business Credit Initiative (SSBCI) Capital Programs,SSBCI,SSBCI = State Small Business Credit Initiative,Loan / Loan Guarantee / Investment,State,Delaware State Small Business Credit Initiative (SSBCI) administrator / U.S. Treasury approved programs,Access to Capital,"State-administered State Small Business Credit Initiative (SSBCI) capital programs intended to expand access to loans, guarantees, collateral support, participation loans, or investment capital for small businesses in Delaware.","Potential fit for breweries needing startup capital, expansion financing, equipment financing, working capital, or collateral support; exact terms depend on state-approved programs and local lenders/CDFIs.",3,Medium,3,5,Varies,Unknown,Varies,Varies,Varies,No,Yes,Varies by state/program,State-specific cycle,Active,https://home.treasury.gov/policy-issues/small-business-programs/state-small-business-credit-initiative-ssbci/capital-program-list-of-programs-and-contacts,https://home.treasury.gov/policy-issues/small-business-programs/state-small-business-credit-initiative-ssbci/capital-program-summaries,Delaware,Unknown,Unknown,Unknown,Unknown,Unknown,Unknown,Unknown,Small business capital; manufacturing; hospitality,Mixed,Ongoing/State-specific,Subpage,Medium,2026-05-08,2026-11-04,Official Government Site,"Seed row for complete 50-state coverage. additional verification or detail extraction should split state-specific loan participation, collateral support, and venture programs into separate child records.",Tier 2,Yes,Unknown,2026-05-08,2026-05-08,Yes
STATE-FL-FLORIDA-SSBCI--FLORIDA-STATE-SMALL-BUSINESS-CREDIT-INITIATIVE-SSB,Florida State Small Business Credit Initiative (SSBCI) Capital Programs,SSBCI,SSBCI = State Small Business Credit Initiative,Loan / Loan Guarantee / Investment,State,Florida State Small Business Credit Initiative (SSBCI) administrator / U.S. Treasury approved programs,Access to Capital,"State-administered State Small Business Credit Initiative (SSBCI) capital programs intended to expand access to loans, guarantees, collateral support, participation loans, or investment capital for small businesses in Florida.","Potential fit for breweries needing startup capital, expansion financing, equipment financing, working capital, or collateral support; exact terms depend on state-approved programs and local lenders/CDFIs.",3,Medium,3,5,Varies,Unknown,Varies,Varies,Varies,No,Yes,Varies by state/program,State-specific cycle,Active,https://home.treasury.gov/policy-issues/small-business-programs/state-small-business-credit-initiative-ssbci/capital-program-list-of-programs-and-contacts,https://home.treasury.gov/policy-issues/small-business-programs/state-small-business-credit-initiative-ssbci/capital-program-summaries,Florida,Unknown,Unknown,Unknown,Unknown,Unknown,Unknown,Unknown,Small business capital; manufacturing; hospitality,Mixed,Ongoing/State-specific,Subpage,Medium,2026-05-08,2026-11-04,Official Government Site,"Seed row for complete 50-state coverage. additional verification or detail extraction should split state-specific loan participation, collateral support, and venture programs into separate child records.",Tier 2,Yes,Unknown,2026-05-08,2026-05-08,Yes
STATE-GA-GEORGIA-SSBCI--GEORGIA-STATE-SMALL-BUSINESS-CREDIT-INITIATIVE-SSB,Georgia State Small Business Credit Initiative (SSBCI) Capital Programs,SSBCI,SSBCI = State Small Business Credit Initiative,Loan / Loan Guarantee / Investment,State,Georgia State Small Business Credit Initiative (SSBCI) administrator / U.S. Treasury approved programs,Access to Capital,"State-administered State Small Business Credit Initiative (SSBCI) capital programs intended to expand access to loans, guarantees, collateral support, participation loans, or investment capital for small businesses in Georgia.","Potential fit for breweries needing startup capital, expansion financing, equipment financing, working capital, or collateral support; exact terms depend on state-approved programs and local lenders/CDFIs.",3,Medium,3,5,Varies,Unknown,Varies,Varies,Varies,No,Yes,Varies by state/program,State-specific cycle,Active,https://home.treasury.gov/policy-issues/small-business-programs/state-small-business-credit-initiative-ssbci/capital-program-list-of-programs-and-contacts,https://home.treasury.gov/policy-issues/small-business-programs/state-small-business-credit-initiative-ssbci/capital-program-summaries,Georgia,Unknown,Unknown,Unknown,Unknown,Unknown,Unknown,Unknown,Small business capital; manufacturing; hospitality,Mixed,Ongoing/State-specific,Subpage,Medium,2026-05-08,2026-11-04,Official Government Site,"Seed row for complete 50-state coverage. additional verification or detail extraction should split state-specific loan participation, collateral support, and venture programs into separate child records.",Tier 2,Yes,Unknown,2026-05-08,2026-05-08,Yes
STATE-HI-HAWAII-SSBCI-A-HAWAII-STATE-SMALL-BUSINESS-CREDIT-INITIATIVE-SSBC,Hawaii State Small Business Credit Initiative (SSBCI) Capital Programs,SSBCI,SSBCI = State Small Business Credit Initiative,Loan / Loan Guarantee / Investment,State,Hawaii State Small Business Credit Initiative (SSBCI) administrator / U.S. Treasury approved programs,Access to Capital,"State-administered State Small Business Credit Initiative (SSBCI) capital programs intended to expand access to loans, guarantees, collateral support, participation loans, or investment capital for small businesses in Hawaii.","Potential fit for breweries needing startup capital, expansion financing, equipment financing, working capital, or collateral support; exact terms depend on state-approved programs and local lenders/CDFIs.",3,Medium,3,5,Varies,Unknown,Varies,Varies,Varies,No,Yes,Varies by state/program,State-specific cycle,Active,https://home.treasury.gov/policy-issues/small-business-programs/state-small-business-credit-initiative-ssbci/capital-program-list-of-programs-and-contacts,https://home.treasury.gov/policy-issues/small-business-programs/state-small-business-credit-initiative-ssbci/capital-program-summaries,Hawaii,Unknown,Unknown,Unknown,Unknown,Unknown,Unknown,Unknown,Small business capital; manufacturing; hospitality,Mixed,Ongoing/State-specific,Subpage,Medium,2026-05-08,2026-11-04,Official Government Site,"Seed row for complete 50-state coverage. additional verification or detail extraction should split state-specific loan participation, collateral support, and venture programs into separate child records.",Tier 2,Yes,Unknown,2026-05-08,2026-05-08,Yes
STATE-ID-IDAHO-SSBCI-AD-IDAHO-STATE-SMALL-BUSINESS-CREDIT-INITIATIVE-SSBCI,Idaho State Small Business Credit Initiative (SSBCI) Capital Programs,SSBCI,SSBCI = State Small Business Credit Initiative,Loan / Loan Guarantee / Investment,State,Idaho State Small Business Credit Initiative (SSBCI) administrator / U.S. Treasury approved programs,Access to Capital,"State-administered State Small Business Credit Initiative (SSBCI) capital programs intended to expand access to loans, guarantees, collateral support, participation loans, or investment capital for small businesses in Idaho.","Potential fit for breweries needing startup capital, expansion financing, equipment financing, working capital, or collateral support; exact terms depend on state-approved programs and local lenders/CDFIs.",3,Medium,3,5,Varies,Unknown,Varies,Varies,Varies,No,Yes,Varies by state/program,State-specific cycle,Active,https://home.treasury.gov/policy-issues/small-business-programs/state-small-business-credit-initiative-ssbci/capital-program-list-of-programs-and-contacts,https://home.treasury.gov/policy-issues/small-business-programs/state-small-business-credit-initiative-ssbci/capital-program-summaries,Idaho,Unknown,Unknown,Unknown,Unknown,Unknown,Unknown,Unknown,Small business capital; manufacturing; hospitality,Mixed,Ongoing/State-specific,Subpage,Medium,2026-05-08,2026-11-04,Official Government Site,"Seed row for complete 50-state coverage. additional verification or detail extraction should split state-specific loan participation, collateral support, and venture programs into separate child records.",Tier 2,Yes,Unknown,2026-05-08,2026-05-08,Yes
STATE-IL-ILLINOIS-SSBCI-ILLINOIS-STATE-SMALL-BUSINESS-CREDIT-INITIATIVE-SS,Illinois State Small Business Credit Initiative (SSBCI) Capital Programs,SSBCI,SSBCI = State Small Business Credit Initiative,Loan / Loan Guarantee / Investment,State,Illinois State Small Business Credit Initiative (SSBCI) administrator / U.S. Treasury approved programs,Access to Capital,"State-administered State Small Business Credit Initiative (SSBCI) capital programs intended to expand access to loans, guarantees, collateral support, participation loans, or investment capital for small businesses in Illinois.","Potential fit for breweries needing startup capital, expansion financing, equipment financing, working capital, or collateral support; exact terms depend on state-approved programs and local lenders/CDFIs.",3,High,3,5,Varies,Unknown,Varies,Varies,Varies,No,Yes,Varies by state/program,State-specific cycle,Active,https://home.treasury.gov/policy-issues/small-business-programs/state-small-business-credit-initiative-ssbci/capital-program-list-of-programs-and-contacts,https://home.treasury.gov/policy-issues/small-business-programs/state-small-business-credit-initiative-ssbci/capital-program-summaries,Illinois,Unknown,Unknown,Unknown,Unknown,Unknown,Unknown,Unknown,Small business capital; manufacturing; hospitality,Mixed,Ongoing/State-specific,Subpage,High,2026-05-08,2026-08-06,Official Government Site,"Seed row for complete 50-state coverage. additional verification or detail extraction should split state-specific loan participation, collateral support, and venture programs into separate child records.",Tier 2,No,Unknown,2026-05-08,2026-05-08,Yes
STATE-IN-INDIANA-SSBCI--INDIANA-STATE-SMALL-BUSINESS-CREDIT-INITIATIVE-SSB,Indiana State Small Business Credit Initiative (SSBCI) Capital Programs,SSBCI,SSBCI = State Small Business Credit Initiative,Loan / Loan Guarantee / Investment,State,Indiana State Small Business Credit Initiative (SSBCI) administrator / U.S. Treasury approved programs,Access to Capital,"State-administered State Small Business Credit Initiative (SSBCI) capital programs intended to expand access to loans, guarantees, collateral support, participation loans, or investment capital for small businesses in Indiana.","Potential fit for breweries needing startup capital, expansion financing, equipment financing, working capital, or collateral support; exact terms depend on state-approved programs and local lenders/CDFIs.",3,Medium,3,5,Varies,Unknown,Varies,Varies,Varies,No,Yes,Varies by state/program,State-specific cycle,Active,https://home.treasury.gov/policy-issues/small-business-programs/state-small-business-credit-initiative-ssbci/capital-program-list-of-programs-and-contacts,https://home.treasury.gov/policy-issues/small-business-programs/state-small-business-credit-initiative-ssbci/capital-program-summaries,Indiana,Unknown,Unknown,Unknown,Unknown,Unknown,Unknown,Unknown,Small business capital; manufacturing; hospitality,Mixed,Ongoing/State-specific,Subpage,Medium,2026-05-08,2026-11-04,Official Government Site,"Seed row for complete 50-state coverage. additional verification or detail extraction should split state-specific loan participation, collateral support, and venture programs into separate child records.",Tier 2,Yes,Unknown,2026-05-08,2026-05-08,Yes
STATE-IA-IOWA-SSBCI-ADM-IOWA-STATE-SMALL-BUSINESS-CREDIT-INITIATIVE-SSBCI-,Iowa State Small Business Credit Initiative (SSBCI) Capital Programs,SSBCI,SSBCI = State Small Business Credit Initiative,Loan / Loan Guarantee / Investment,State,Iowa State Small Business Credit Initiative (SSBCI) administrator / U.S. Treasury approved programs,Access to Capital,"State-administered State Small Business Credit Initiative (SSBCI) capital programs intended to expand access to loans, guarantees, collateral support, participation loans, or investment capital for small businesses in Iowa.","Potential fit for breweries needing startup capital, expansion financing, equipment financing, working capital, or collateral support; exact terms depend on state-approved programs and local lenders/CDFIs.",3,Medium,3,5,Varies,Unknown,Varies,Varies,Varies,No,Yes,Varies by state/program,State-specific cycle,Active,https://home.treasury.gov/policy-issues/small-business-programs/state-small-business-credit-initiative-ssbci/capital-program-list-of-programs-and-contacts,https://home.treasury.gov/policy-issues/small-business-programs/state-small-business-credit-initiative-ssbci/capital-program-summaries,Iowa,Unknown,Unknown,Unknown,Unknown,Unknown,Unknown,Unknown,Small business capital; manufacturing; hospitality,Mixed,Ongoing/State-specific,Subpage,Medium,2026-05-08,2026-11-04,Official Government Site,"Seed row for complete 50-state coverage. additional verification or detail extraction should split state-specific loan participation, collateral support, and venture programs into separate child records.",Tier 2,Yes,Unknown,2026-05-08,2026-05-08,Yes
STATE-KS-KANSAS-SSBCI-A-KANSAS-STATE-SMALL-BUSINESS-CREDIT-INITIATIVE-SSBC,Kansas State Small Business Credit Initiative (SSBCI) Capital Programs,SSBCI,SSBCI = State Small Business Credit Initiative,Loan / Loan Guarantee / Investment,State,Kansas State Small Business Credit Initiative (SSBCI) administrator / U.S. Treasury approved programs,Access to Capital,"State-administered State Small Business Credit Initiative (SSBCI) capital programs intended to expand access to loans, guarantees, collateral support, participation loans, or investment capital for small businesses in Kansas.","Potential fit for breweries needing startup capital, expansion financing, equipment financing, working capital, or collateral support; exact terms depend on state-approved programs and local lenders/CDFIs.",3,Medium,3,5,Varies,Unknown,Varies,Varies,Varies,No,Yes,Varies by state/program,State-specific cycle,Active,https://home.treasury.gov/policy-issues/small-business-programs/state-small-business-credit-initiative-ssbci/capital-program-list-of-programs-and-contacts,https://home.treasury.gov/policy-issues/small-business-programs/state-small-business-credit-initiative-ssbci/capital-program-summaries,Kansas,Unknown,Unknown,Unknown,Unknown,Unknown,Unknown,Unknown,Small business capital; manufacturing; hospitality,Mixed,Ongoing/State-specific,Subpage,Medium,2026-05-08,2026-11-04,Official Government Site,"Seed row for complete 50-state coverage. additional verification or detail extraction should split state-specific loan participation, collateral support, and venture programs into separate child records.",Tier 2,Yes,Unknown,2026-05-08,2026-05-08,Yes
STATE-KY-KENTUCKY-SSBCI-KENTUCKY-STATE-SMALL-BUSINESS-CREDIT-INITIATIVE-SS,Kentucky State Small Business Credit Initiative (SSBCI) Capital Programs,SSBCI,SSBCI = State Small Business Credit Initiative,Loan / Loan Guarantee / Investment,State,Kentucky State Small Business Credit Initiative (SSBCI) administrator / U.S. Treasury approved programs,Access to Capital,"State-administered State Small Business Credit Initiative (SSBCI) capital programs intended to expand access to loans, guarantees, collateral support, participation loans, or investment capital for small businesses in Kentucky.","Potential fit for breweries needing startup capital, expansion financing, equipment financing, working capital, or collateral support; exact terms depend on state-approved programs and local lenders/CDFIs.",3,Medium,3,5,Varies,Unknown,Varies,Varies,Varies,No,Yes,Varies by state/program,State-specific cycle,Active,https://home.treasury.gov/policy-issues/small-business-programs/state-small-business-credit-initiative-ssbci/capital-program-list-of-programs-and-contacts,https://home.treasury.gov/policy-issues/small-business-programs/state-small-business-credit-initiative-ssbci/capital-program-summaries,Kentucky,Unknown,Unknown,Unknown,Unknown,Unknown,Unknown,Unknown,Small business capital; manufacturing; hospitality,Mixed,Ongoing/State-specific,Subpage,Medium,2026-05-08,2026-11-04,Official Government Site,"Seed row for complete 50-state coverage. additional verification or detail extraction should split state-specific loan participation, collateral support, and venture programs into separate child records.",Tier 2,Yes,Unknown,2026-05-08,2026-05-08,Yes
STATE-LA-LOUISIANA-SSBC-LOUISIANA-STATE-SMALL-BUSINESS-CREDIT-INITIATIVE-S,Louisiana State Small Business Credit Initiative (SSBCI) Capital Programs,SSBCI,SSBCI = State Small Business Credit Initiative,Loan / Loan Guarantee / Investment,State,Louisiana State Small Business Credit Initiative (SSBCI) administrator / U.S. Treasury approved programs,Access to Capital,"State-administered State Small Business Credit Initiative (SSBCI) capital programs intended to expand access to loans, guarantees, collateral support, participation loans, or investment capital for small businesses in Louisiana.","Potential fit for breweries needing startup capital, expansion financing, equipment financing, working capital, or collateral support; exact terms depend on state-approved programs and local lenders/CDFIs.",3,Medium,3,5,Varies,Unknown,Varies,Varies,Varies,No,Yes,Varies by state/program,State-specific cycle,Active,https://home.treasury.gov/policy-issues/small-business-programs/state-small-business-credit-initiative-ssbci/capital-program-list-of-programs-and-contacts,https://home.treasury.gov/policy-issues/small-business-programs/state-small-business-credit-initiative-ssbci/capital-program-summaries,Louisiana,Unknown,Unknown,Unknown,Unknown,Unknown,Unknown,Unknown,Small business capital; manufacturing; hospitality,Mixed,Ongoing/State-specific,Subpage,Medium,2026-05-08,2026-11-04,Official Government Site,"Seed row for complete 50-state coverage. additional verification or detail extraction should split state-specific loan participation, collateral support, and venture programs into separate child records.",Tier 2,Yes,Unknown,2026-05-08,2026-05-08,Yes
STATE-ME-MAINE-SSBCI-AD-MAINE-STATE-SMALL-BUSINESS-CREDIT-INITIATIVE-SSBCI,Maine State Small Business Credit Initiative (SSBCI) Capital Programs,SSBCI,SSBCI = State Small Business Credit Initiative,Loan / Loan Guarantee / Investment,State,Maine State Small Business Credit Initiative (SSBCI) administrator / U.S. Treasury approved programs,Access to Capital,"State-administered State Small Business Credit Initiative (SSBCI) capital programs intended to expand access to loans, guarantees, collateral support, participation loans, or investment capital for small businesses in Maine.","Potential fit for breweries needing startup capital, expansion financing, equipment financing, working capital, or collateral support; exact terms depend on state-approved programs and local lenders/CDFIs.",3,Medium,3,5,Varies,Unknown,Varies,Varies,Varies,No,Yes,Varies by state/program,State-specific cycle,Active,https://home.treasury.gov/policy-issues/small-business-programs/state-small-business-credit-initiative-ssbci/capital-program-list-of-programs-and-contacts,https://home.treasury.gov/policy-issues/small-business-programs/state-small-business-credit-initiative-ssbci/capital-program-summaries,Maine,Unknown,Unknown,Unknown,Unknown,Unknown,Unknown,Unknown,Small business capital; manufacturing; hospitality,Mixed,Ongoing/State-specific,Subpage,Medium,2026-05-08,2026-11-04,Official Government Site,"Seed row for complete 50-state coverage. additional verification or detail extraction should split state-specific loan participation, collateral support, and venture programs into separate child records.",Tier 2,Yes,Unknown,2026-05-08,2026-05-08,Yes
STATE-MD-MARYLAND-SSBCI-MARYLAND-STATE-SMALL-BUSINESS-CREDIT-INITIATIVE-SS,Maryland State Small Business Credit Initiative (SSBCI) Capital Programs,SSBCI,SSBCI = State Small Business Credit Initiative,Loan / Loan Guarantee / Investment,State,Maryland State Small Business Credit Initiative (SSBCI) administrator / U.S. Treasury approved programs,Access to Capital,"State-administered State Small Business Credit Initiative (SSBCI) capital programs intended to expand access to loans, guarantees, collateral support, participation loans, or investment capital for small businesses in Maryland.","Potential fit for breweries needing startup capital, expansion financing, equipment financing, working capital, or collateral support; exact terms depend on state-approved programs and local lenders/CDFIs.",3,Medium,3,5,Varies,Unknown,Varies,Varies,Varies,No,Yes,Varies by state/program,State-specific cycle,Active,https://home.treasury.gov/policy-issues/small-business-programs/state-small-business-credit-initiative-ssbci/capital-program-list-of-programs-and-contacts,https://home.treasury.gov/policy-issues/small-business-programs/state-small-business-credit-initiative-ssbci/capital-program-summaries,Maryland,Unknown,Unknown,Unknown,Unknown,Unknown,Unknown,Unknown,Small business capital; manufacturing; hospitality,Mixed,Ongoing/State-specific,Subpage,Medium,2026-05-08,2026-11-04,Official Government Site,"Seed row for complete 50-state coverage. additional verification or detail extraction should split state-specific loan participation, collateral support, and venture programs into separate child records.",Tier 2,Yes,Unknown,2026-05-08,2026-05-08,Yes
STATE-MA-MASSACHUSETTS--MASSACHUSETTS-STATE-SMALL-BUSINESS-CREDIT-INITIATI,Massachusetts State Small Business Credit Initiative (SSBCI) Capital Programs,SSBCI,SSBCI = State Small Business Credit Initiative,Loan / Loan Guarantee / Investment,State,Massachusetts State Small Business Credit Initiative (SSBCI) administrator / U.S. Treasury approved programs,Access to Capital,"State-administered State Small Business Credit Initiative (SSBCI) capital programs intended to expand access to loans, guarantees, collateral support, participation loans, or investment capital for small businesses in Massachusetts.","Potential fit for breweries needing startup capital, expansion financing, equipment financing, working capital, or collateral support; exact terms depend on state-approved programs and local lenders/CDFIs.",3,Medium,3,5,Varies,Unknown,Varies,Varies,Varies,No,Yes,Varies by state/program,State-specific cycle,Active,https://home.treasury.gov/policy-issues/small-business-programs/state-small-business-credit-initiative-ssbci/capital-program-list-of-programs-and-contacts,https://home.treasury.gov/policy-issues/small-business-programs/state-small-business-credit-initiative-ssbci/capital-program-summaries,Massachusetts,Unknown,Unknown,Unknown,Unknown,Unknown,Unknown,Unknown,Small business capital; manufacturing; hospitality,Mixed,Ongoing/State-specific,Subpage,Medium,2026-05-08,2026-11-04,Official Government Site,"Seed row for complete 50-state coverage. additional verification or detail extraction should split state-specific loan participation, collateral support, and venture programs into separate child records.",Tier 2,Yes,Unknown,2026-05-08,2026-05-08,Yes
STATE-MI-MICHIGAN-SSBCI-MICHIGAN-STATE-SMALL-BUSINESS-CREDIT-INITIATIVE-SS,Michigan State Small Business Credit Initiative (SSBCI) Capital Programs,SSBCI,SSBCI = State Small Business Credit Initiative,Loan / Loan Guarantee / Investment,State,Michigan State Small Business Credit Initiative (SSBCI) administrator / U.S. Treasury approved programs,Access to Capital,"State-administered State Small Business Credit Initiative (SSBCI) capital programs intended to expand access to loans, guarantees, collateral support, participation loans, or investment capital for small businesses in Michigan.","Potential fit for breweries needing startup capital, expansion financing, equipment financing, working capital, or collateral support; exact terms depend on state-approved programs and local lenders/CDFIs.",3,High,3,5,Varies,Unknown,Varies,Varies,Varies,No,Yes,Varies by state/program,State-specific cycle,Active,https://home.treasury.gov/policy-issues/small-business-programs/state-small-business-credit-initiative-ssbci/capital-program-list-of-programs-and-contacts,https://home.treasury.gov/policy-issues/small-business-programs/state-small-business-credit-initiative-ssbci/capital-program-summaries,Michigan,Unknown,Unknown,Unknown,Unknown,Unknown,Unknown,Unknown,Small business capital; manufacturing; hospitality,Mixed,Ongoing/State-specific,Subpage,High,2026-05-08,2026-08-06,Official Government Site,"Seed row for complete 50-state coverage. additional verification or detail extraction should split state-specific loan participation, collateral support, and venture programs into separate child records.",Tier 2,No,Unknown,2026-05-08,2026-05-08,Yes
STATE-MN-MINNESOTA-SSBC-MINNESOTA-STATE-SMALL-BUSINESS-CREDIT-INITIATIVE-S,Minnesota State Small Business Credit Initiative (SSBCI) Capital Programs,SSBCI,SSBCI = State Small Business Credit Initiative,Loan / Loan Guarantee / Investment,State,Minnesota State Small Business Credit Initiative (SSBCI) administrator / U.S. Treasury approved programs,Access to Capital,"State-administered State Small Business Credit Initiative (SSBCI) capital programs intended to expand access to loans, guarantees, collateral support, participation loans, or investment capital for small businesses in Minnesota.","Potential fit for breweries needing startup capital, expansion financing, equipment financing, working capital, or collateral support; exact terms depend on state-approved programs and local lenders/CDFIs.",3,High,3,5,Varies,Unknown,Varies,Varies,Varies,No,Yes,Varies by state/program,State-specific cycle,Active,https://home.treasury.gov/policy-issues/small-business-programs/state-small-business-credit-initiative-ssbci/capital-program-list-of-programs-and-contacts,https://home.treasury.gov/policy-issues/small-business-programs/state-small-business-credit-initiative-ssbci/capital-program-summaries,Minnesota,Unknown,Unknown,Unknown,Unknown,Unknown,Unknown,Unknown,Small business capital; manufacturing; hospitality,Mixed,Ongoing/State-specific,Subpage,High,2026-05-08,2026-08-06,Official Government Site,"Seed row for complete 50-state coverage. additional verification or detail extraction should split state-specific loan participation, collateral support, and venture programs into separate child records.",Tier 2,No,Unknown,2026-05-08,2026-05-08,Yes
STATE-MS-MISSISSIPPI-SS-MISSISSIPPI-STATE-SMALL-BUSINESS-CREDIT-INITIATIVE,Mississippi State Small Business Credit Initiative (SSBCI) Capital Programs,SSBCI,SSBCI = State Small Business Credit Initiative,Loan / Loan Guarantee / Investment,State,Mississippi State Small Business Credit Initiative (SSBCI) administrator / U.S. Treasury approved programs,Access to Capital,"State-administered State Small Business Credit Initiative (SSBCI) capital programs intended to expand access to loans, guarantees, collateral support, participation loans, or investment capital for small businesses in Mississippi.","Potential fit for breweries needing startup capital, expansion financing, equipment financing, working capital, or collateral support; exact terms depend on state-approved programs and local lenders/CDFIs.",3,Medium,3,5,Varies,Unknown,Varies,Varies,Varies,No,Yes,Varies by state/program,State-specific cycle,Active,https://home.treasury.gov/policy-issues/small-business-programs/state-small-business-credit-initiative-ssbci/capital-program-list-of-programs-and-contacts,https://home.treasury.gov/policy-issues/small-business-programs/state-small-business-credit-initiative-ssbci/capital-program-summaries,Mississippi,Unknown,Unknown,Unknown,Unknown,Unknown,Unknown,Unknown,Small business capital; manufacturing; hospitality,Mixed,Ongoing/State-specific,Subpage,Medium,2026-05-08,2026-11-04,Official Government Site,"Seed row for complete 50-state coverage. additional verification or detail extraction should split state-specific loan participation, collateral support, and venture programs into separate child records.",Tier 2,Yes,Unknown,2026-05-08,2026-05-08,Yes
STATE-MO-MISSOURI-SSBCI-MISSOURI-STATE-SMALL-BUSINESS-CREDIT-INITIATIVE-SS,Missouri State Small Business Credit Initiative (SSBCI) Capital Programs,SSBCI,SSBCI = State Small Business Credit Initiative,Loan / Loan Guarantee / Investment,State,Missouri State Small Business Credit Initiative (SSBCI) administrator / U.S. Treasury approved programs,Access to Capital,"State-administered State Small Business Credit Initiative (SSBCI) capital programs intended to expand access to loans, guarantees, collateral support, participation loans, or investment capital for small businesses in Missouri.","Potential fit for breweries needing startup capital, expansion financing, equipment financing, working capital, or collateral support; exact terms depend on state-approved programs and local lenders/CDFIs.",3,Medium,3,5,Varies,Unknown,Varies,Varies,Varies,No,Yes,Varies by state/program,State-specific cycle,Active,https://home.treasury.gov/policy-issues/small-business-programs/state-small-business-credit-initiative-ssbci/capital-program-list-of-programs-and-contacts,https://home.treasury.gov/policy-issues/small-business-programs/state-small-business-credit-initiative-ssbci/capital-program-summaries,Missouri,Unknown,Unknown,Unknown,Unknown,Unknown,Unknown,Unknown,Small business capital; manufacturing; hospitality,Mixed,Ongoing/State-specific,Subpage,Medium,2026-05-08,2026-11-04,Official Government Site,"Seed row for complete 50-state coverage. additional verification or detail extraction should split state-specific loan participation, collateral support, and venture programs into separate child records.",Tier 2,Yes,Unknown,2026-05-08,2026-05-08,Yes
STATE-MT-MONTANA-SSBCI--MONTANA-STATE-SMALL-BUSINESS-CREDIT-INITIATIVE-SSB,Montana State Small Business Credit Initiative (SSBCI) Capital Programs,SSBCI,SSBCI = State Small Business Credit Initiative,Loan / Loan Guarantee / Investment,State,Montana State Small Business Credit Initiative (SSBCI) administrator / U.S. Treasury approved programs,Access to Capital,"State-administered State Small Business Credit Initiative (SSBCI) capital programs intended to expand access to loans, guarantees, collateral support, participation loans, or investment capital for small businesses in Montana.","Potential fit for breweries needing startup capital, expansion financing, equipment financing, working capital, or collateral support; exact terms depend on state-approved programs and local lenders/CDFIs.",3,Medium,3,5,Varies,Unknown,Varies,Varies,Varies,No,Yes,Varies by state/program,State-specific cycle,Active,https://home.treasury.gov/policy-issues/small-business-programs/state-small-business-credit-initiative-ssbci/capital-program-list-of-programs-and-contacts,https://home.treasury.gov/policy-issues/small-business-programs/state-small-business-credit-initiative-ssbci/capital-program-summaries,Montana,Unknown,Unknown,Unknown,Unknown,Unknown,Unknown,Unknown,Small business capital; manufacturing; hospitality,Mixed,Ongoing/State-specific,Subpage,Medium,2026-05-08,2026-11-04,Official Government Site,"Seed row for complete 50-state coverage. additional verification or detail extraction should split state-specific loan participation, collateral support, and venture programs into separate child records.",Tier 2,Yes,Unknown,2026-05-08,2026-05-08,Yes
STATE-NE-NEBRASKA-SSBCI-NEBRASKA-STATE-SMALL-BUSINESS-CREDIT-INITIATIVE-SS,Nebraska State Small Business Credit Initiative (SSBCI) Capital Programs,SSBCI,SSBCI = State Small Business Credit Initiative,Loan / Loan Guarantee / Investment,State,Nebraska State Small Business Credit Initiative (SSBCI) administrator / U.S. Treasury approved programs,Access to Capital,"State-administered State Small Business Credit Initiative (SSBCI) capital programs intended to expand access to loans, guarantees, collateral support, participation loans, or investment capital for small businesses in Nebraska.","Potential fit for breweries needing startup capital, expansion financing, equipment financing, working capital, or collateral support; exact terms depend on state-approved programs and local lenders/CDFIs.",3,Medium,3,5,Varies,Unknown,Varies,Varies,Varies,No,Yes,Varies by state/program,State-specific cycle,Active,https://home.treasury.gov/policy-issues/small-business-programs/state-small-business-credit-initiative-ssbci/capital-program-list-of-programs-and-contacts,https://home.treasury.gov/policy-issues/small-business-programs/state-small-business-credit-initiative-ssbci/capital-program-summaries,Nebraska,Unknown,Unknown,Unknown,Unknown,Unknown,Unknown,Unknown,Small business capital; manufacturing; hospitality,Mixed,Ongoing/State-specific,Subpage,Medium,2026-05-08,2026-11-04,Official Government Site,"Seed row for complete 50-state coverage. additional verification or detail extraction should split state-specific loan participation, collateral support, and venture programs into separate child records.",Tier 2,Yes,Unknown,2026-05-08,2026-05-08,Yes
STATE-NV-NEVADA-SSBCI-A-NEVADA-STATE-SMALL-BUSINESS-CREDIT-INITIATIVE-SSBC,Nevada State Small Business Credit Initiative (SSBCI) Capital Programs,SSBCI,SSBCI = State Small Business Credit Initiative,Loan / Loan Guarantee / Investment,State,Nevada State Small Business Credit Initiative (SSBCI) administrator / U.S. Treasury approved programs,Access to Capital,"State-administered State Small Business Credit Initiative (SSBCI) capital programs intended to expand access to loans, guarantees, collateral support, participation loans, or investment capital for small businesses in Nevada.","Potential fit for breweries needing startup capital, expansion financing, equipment financing, working capital, or collateral support; exact terms depend on state-approved programs and local lenders/CDFIs.",3,Medium,3,5,Varies,Unknown,Varies,Varies,Varies,No,Yes,Varies by state/program,State-specific cycle,Active,https://home.treasury.gov/policy-issues/small-business-programs/state-small-business-credit-initiative-ssbci/capital-program-list-of-programs-and-contacts,https://home.treasury.gov/policy-issues/small-business-programs/state-small-business-credit-initiative-ssbci/capital-program-summaries,Nevada,Unknown,Unknown,Unknown,Unknown,Unknown,Unknown,Unknown,Small business capital; manufacturing; hospitality,Mixed,Ongoing/State-specific,Subpage,Medium,2026-05-08,2026-11-04,Official Government Site,"Seed row for complete 50-state coverage. additional verification or detail extraction should split state-specific loan participation, collateral support, and venture programs into separate child records.",Tier 2,Yes,Unknown,2026-05-08,2026-05-08,Yes
STATE-NH-NEW-HAMPSHIRE--NEW-HAMPSHIRE-STATE-SMALL-BUSINESS-CREDIT-INITIATI,New Hampshire State Small Business Credit Initiative (SSBCI) Capital Programs,SSBCI,SSBCI = State Small Business Credit Initiative,Loan / Loan Guarantee / Investment,State,New Hampshire State Small Business Credit Initiative (SSBCI) administrator / U.S. Treasury approved programs,Access to Capital,"State-administered State Small Business Credit Initiative (SSBCI) capital programs intended to expand access to loans, guarantees, collateral support, participation loans, or investment capital for small businesses in New Hampshire.","Potential fit for breweries needing startup capital, expansion financing, equipment financing, working capital, or collateral support; exact terms depend on state-approved programs and local lenders/CDFIs.",3,Medium,3,5,Varies,Unknown,Varies,Varies,Varies,No,Yes,Varies by state/program,State-specific cycle,Active,https://home.treasury.gov/policy-issues/small-business-programs/state-small-business-credit-initiative-ssbci/capital-program-list-of-programs-and-contacts,https://home.treasury.gov/policy-issues/small-business-programs/state-small-business-credit-initiative-ssbci/capital-program-summaries,New Hampshire,Unknown,Unknown,Unknown,Unknown,Unknown,Unknown,Unknown,Small business capital; manufacturing; hospitality,Mixed,Ongoing/State-specific,Subpage,Medium,2026-05-08,2026-11-04,Official Government Site,"Seed row for complete 50-state coverage. additional verification or detail extraction should split state-specific loan participation, collateral support, and venture programs into separate child records.",Tier 2,Yes,Unknown,2026-05-08,2026-05-08,Yes
STATE-NJ-NEW-JERSEY-SSB-NEW-JERSEY-STATE-SMALL-BUSINESS-CREDIT-INITIATIVE-,New Jersey State Small Business Credit Initiative (SSBCI) Capital Programs,SSBCI,SSBCI = State Small Business Credit Initiative,Loan / Loan Guarantee / Investment,State,New Jersey State Small Business Credit Initiative (SSBCI) administrator / U.S. Treasury approved programs,Access to Capital,"State-administered State Small Business Credit Initiative (SSBCI) capital programs intended to expand access to loans, guarantees, collateral support, participation loans, or investment capital for small businesses in New Jersey.","Potential fit for breweries needing startup capital, expansion financing, equipment financing, working capital, or collateral support; exact terms depend on state-approved programs and local lenders/CDFIs.",3,Medium,3,5,Varies,Unknown,Varies,Varies,Varies,No,Yes,Varies by state/program,State-specific cycle,Active,https://home.treasury.gov/policy-issues/small-business-programs/state-small-business-credit-initiative-ssbci/capital-program-list-of-programs-and-contacts,https://home.treasury.gov/policy-issues/small-business-programs/state-small-business-credit-initiative-ssbci/capital-program-summaries,New Jersey,Unknown,Unknown,Unknown,Unknown,Unknown,Unknown,Unknown,Small business capital; manufacturing; hospitality,Mixed,Ongoing/State-specific,Subpage,Medium,2026-05-08,2026-11-04,Official Government Site,"Seed row for complete 50-state coverage. additional verification or detail extraction should split state-specific loan participation, collateral support, and venture programs into separate child records.",Tier 2,Yes,Unknown,2026-05-08,2026-05-08,Yes
STATE-NM-NEW-MEXICO-SSB-NEW-MEXICO-STATE-SMALL-BUSINESS-CREDIT-INITIATIVE-,New Mexico State Small Business Credit Initiative (SSBCI) Capital Programs,SSBCI,SSBCI = State Small Business Credit Initiative,Loan / Loan Guarantee / Investment,State,New Mexico State Small Business Credit Initiative (SSBCI) administrator / U.S. Treasury approved programs,Access to Capital,"State-administered State Small Business Credit Initiative (SSBCI) capital programs intended to expand access to loans, guarantees, collateral support, participation loans, or investment capital for small businesses in New Mexico.","Potential fit for breweries needing startup capital, expansion financing, equipment financing, working capital, or collateral support; exact terms depend on state-approved programs and local lenders/CDFIs.",3,Medium,3,5,Varies,Unknown,Varies,Varies,Varies,No,Yes,Varies by state/program,State-specific cycle,Active,https://home.treasury.gov/policy-issues/small-business-programs/state-small-business-credit-initiative-ssbci/capital-program-list-of-programs-and-contacts,https://home.treasury.gov/policy-issues/small-business-programs/state-small-business-credit-initiative-ssbci/capital-program-summaries,New Mexico,Unknown,Unknown,Unknown,Unknown,Unknown,Unknown,Unknown,Small business capital; manufacturing; hospitality,Mixed,Ongoing/State-specific,Subpage,Medium,2026-05-08,2026-11-04,Official Government Site,"Seed row for complete 50-state coverage. additional verification or detail extraction should split state-specific loan participation, collateral support, and venture programs into separate child records.",Tier 2,Yes,Unknown,2026-05-08,2026-05-08,Yes
STATE-NY-NEW-YORK-SSBCI-NEW-YORK-STATE-SMALL-BUSINESS-CREDIT-INITIATIVE-SS,New York State Small Business Credit Initiative (SSBCI) Capital Programs,SSBCI,SSBCI = State Small Business Credit Initiative,Loan / Loan Guarantee / Investment,State,New York State Small Business Credit Initiative (SSBCI) administrator / U.S. Treasury approved programs,Access to Capital,"State-administered State Small Business Credit Initiative (SSBCI) capital programs intended to expand access to loans, guarantees, collateral support, participation loans, or investment capital for small businesses in New York.","Potential fit for breweries needing startup capital, expansion financing, equipment financing, working capital, or collateral support; exact terms depend on state-approved programs and local lenders/CDFIs.",3,High,3,5,Varies,Unknown,Varies,Varies,Varies,No,Yes,Varies by state/program,State-specific cycle,Active,https://home.treasury.gov/policy-issues/small-business-programs/state-small-business-credit-initiative-ssbci/capital-program-list-of-programs-and-contacts,https://home.treasury.gov/policy-issues/small-business-programs/state-small-business-credit-initiative-ssbci/capital-program-summaries,New York,Unknown,Unknown,Unknown,Unknown,Unknown,Unknown,Unknown,Small business capital; manufacturing; hospitality,Mixed,Ongoing/State-specific,Subpage,High,2026-05-08,2026-08-06,Official Government Site,"Seed row for complete 50-state coverage. additional verification or detail extraction should split state-specific loan participation, collateral support, and venture programs into separate child records.",Tier 2,No,Unknown,2026-05-08,2026-05-08,Yes
STATE-NC-NORTH-CAROLINA-NORTH-CAROLINA-STATE-SMALL-BUSINESS-CREDIT-INITIAT,North Carolina State Small Business Credit Initiative (SSBCI) Capital Programs,SSBCI,SSBCI = State Small Business Credit Initiative,Loan / Loan Guarantee / Investment,State,North Carolina State Small Business Credit Initiative (SSBCI) administrator / U.S. Treasury approved programs,Access to Capital,"State-administered State Small Business Credit Initiative (SSBCI) capital programs intended to expand access to loans, guarantees, collateral support, participation loans, or investment capital for small businesses in North Carolina.","Potential fit for breweries needing startup capital, expansion financing, equipment financing, working capital, or collateral support; exact terms depend on state-approved programs and local lenders/CDFIs.",3,High,3,5,Varies,Unknown,Varies,Varies,Varies,No,Yes,Varies by state/program,State-specific cycle,Active,https://home.treasury.gov/policy-issues/small-business-programs/state-small-business-credit-initiative-ssbci/capital-program-list-of-programs-and-contacts,https://home.treasury.gov/policy-issues/small-business-programs/state-small-business-credit-initiative-ssbci/capital-program-summaries,North Carolina,Unknown,Unknown,Unknown,Unknown,Unknown,Unknown,Unknown,Small business capital; manufacturing; hospitality,Mixed,Ongoing/State-specific,Subpage,High,2026-05-08,2026-08-06,Official Government Site,"Seed row for complete 50-state coverage. additional verification or detail extraction should split state-specific loan participation, collateral support, and venture programs into separate child records.",Tier 2,No,Unknown,2026-05-08,2026-05-08,Yes
STATE-ND-NORTH-DAKOTA-S-NORTH-DAKOTA-STATE-SMALL-BUSINESS-CREDIT-INITIATIV,North Dakota State Small Business Credit Initiative (SSBCI) Capital Programs,SSBCI,SSBCI = State Small Business Credit Initiative,Loan / Loan Guarantee / Investment,State,North Dakota State Small Business Credit Initiative (SSBCI) administrator / U.S. Treasury approved programs,Access to Capital,"State-administered State Small Business Credit Initiative (SSBCI) capital programs intended to expand access to loans, guarantees, collateral support, participation loans, or investment capital for small businesses in North Dakota.","Potential fit for breweries needing startup capital, expansion financing, equipment financing, working capital, or collateral support; exact terms depend on state-approved programs and local lenders/CDFIs.",3,Medium,3,5,Varies,Unknown,Varies,Varies,Varies,No,Yes,Varies by state/program,State-specific cycle,Active,https://home.treasury.gov/policy-issues/small-business-programs/state-small-business-credit-initiative-ssbci/capital-program-list-of-programs-and-contacts,https://home.treasury.gov/policy-issues/small-business-programs/state-small-business-credit-initiative-ssbci/capital-program-summaries,North Dakota,Unknown,Unknown,Unknown,Unknown,Unknown,Unknown,Unknown,Small business capital; manufacturing; hospitality,Mixed,Ongoing/State-specific,Subpage,Medium,2026-05-08,2026-11-04,Official Government Site,"Seed row for complete 50-state coverage. additional verification or detail extraction should split state-specific loan participation, collateral support, and venture programs into separate child records.",Tier 2,Yes,Unknown,2026-05-08,2026-05-08,Yes
STATE-OH-OHIO-SSBCI-ADM-OHIO-STATE-SMALL-BUSINESS-CREDIT-INITIATIVE-SSBCI-,Ohio State Small Business Credit Initiative (SSBCI) Capital Programs,SSBCI,SSBCI = State Small Business Credit Initiative,Loan / Loan Guarantee / Investment,State,Ohio State Small Business Credit Initiative (SSBCI) administrator / U.S. Treasury approved programs,Access to Capital,"State-administered State Small Business Credit Initiative (SSBCI) capital programs intended to expand access to loans, guarantees, collateral support, participation loans, or investment capital for small businesses in Ohio.","Potential fit for breweries needing startup capital, expansion financing, equipment financing, working capital, or collateral support; exact terms depend on state-approved programs and local lenders/CDFIs.",3,High,3,5,Varies,Unknown,Varies,Varies,Varies,No,Yes,Varies by state/program,State-specific cycle,Active,https://home.treasury.gov/policy-issues/small-business-programs/state-small-business-credit-initiative-ssbci/capital-program-list-of-programs-and-contacts,https://home.treasury.gov/policy-issues/small-business-programs/state-small-business-credit-initiative-ssbci/capital-program-summaries,Ohio,Unknown,Unknown,Unknown,Unknown,Unknown,Unknown,Unknown,Small business capital; manufacturing; hospitality,Mixed,Ongoing/State-specific,Subpage,High,2026-05-08,2026-08-06,Official Government Site,"Seed row for complete 50-state coverage. additional verification or detail extraction should split state-specific loan participation, collateral support, and venture programs into separate child records.",Tier 2,No,Unknown,2026-05-08,2026-05-08,Yes
STATE-OK-OKLAHOMA-SSBCI-OKLAHOMA-STATE-SMALL-BUSINESS-CREDIT-INITIATIVE-SS,Oklahoma State Small Business Credit Initiative (SSBCI) Capital Programs,SSBCI,SSBCI = State Small Business Credit Initiative,Loan / Loan Guarantee / Investment,State,Oklahoma State Small Business Credit Initiative (SSBCI) administrator / U.S. Treasury approved programs,Access to Capital,"State-administered State Small Business Credit Initiative (SSBCI) capital programs intended to expand access to loans, guarantees, collateral support, participation loans, or investment capital for small businesses in Oklahoma.","Potential fit for breweries needing startup capital, expansion financing, equipment financing, working capital, or collateral support; exact terms depend on state-approved programs and local lenders/CDFIs.",3,Medium,3,5,Varies,Unknown,Varies,Varies,Varies,No,Yes,Varies by state/program,State-specific cycle,Active,https://home.treasury.gov/policy-issues/small-business-programs/state-small-business-credit-initiative-ssbci/capital-program-list-of-programs-and-contacts,https://home.treasury.gov/policy-issues/small-business-programs/state-small-business-credit-initiative-ssbci/capital-program-summaries,Oklahoma,Unknown,Unknown,Unknown,Unknown,Unknown,Unknown,Unknown,Small business capital; manufacturing; hospitality,Mixed,Ongoing/State-specific,Subpage,Medium,2026-05-08,2026-11-04,Official Government Site,"Seed row for complete 50-state coverage. additional verification or detail extraction should split state-specific loan participation, collateral support, and venture programs into separate child records.",Tier 2,Yes,Unknown,2026-05-08,2026-05-08,Yes
STATE-OR-OREGON-SSBCI-A-OREGON-STATE-SMALL-BUSINESS-CREDIT-INITIATIVE-SSBC,Oregon State Small Business Credit Initiative (SSBCI) Capital Programs,SSBCI,SSBCI = State Small Business Credit Initiative,Loan / Loan Guarantee / Investment,State,Oregon State Small Business Credit Initiative (SSBCI) administrator / U.S. Treasury approved programs,Access to Capital,"State-administered State Small Business Credit Initiative (SSBCI) capital programs intended to expand access to loans, guarantees, collateral support, participation loans, or investment capital for small businesses in Oregon.","Potential fit for breweries needing startup capital, expansion financing, equipment financing, working capital, or collateral support; exact terms depend on state-approved programs and local lenders/CDFIs.",3,High,3,5,Varies,Unknown,Varies,Varies,Varies,No,Yes,Varies by state/program,State-specific cycle,Active,https://home.treasury.gov/policy-issues/small-business-programs/state-small-business-credit-initiative-ssbci/capital-program-list-of-programs-and-contacts,https://home.treasury.gov/policy-issues/small-business-programs/state-small-business-credit-initiative-ssbci/capital-program-summaries,Oregon,Unknown,Unknown,Unknown,Unknown,Unknown,Unknown,Unknown,Small business capital; manufacturing; hospitality,Mixed,Ongoing/State-specific,Subpage,High,2026-05-08,2026-08-06,Official Government Site,"Seed row for complete 50-state coverage. additional verification or detail extraction should split state-specific loan participation, collateral support, and venture programs into separate child records.",Tier 2,No,Unknown,2026-05-08,2026-05-08,Yes
STATE-PA-PENNSYLVANIA-S-PENNSYLVANIA-STATE-SMALL-BUSINESS-CREDIT-INITIATIV,Pennsylvania State Small Business Credit Initiative (SSBCI) Capital Programs,SSBCI,SSBCI = State Small Business Credit Initiative,Loan / Loan Guarantee / Investment,State,Pennsylvania State Small Business Credit Initiative (SSBCI) administrator / U.S. Treasury approved programs,Access to Capital,"State-administered State Small Business Credit Initiative (SSBCI) capital programs intended to expand access to loans, guarantees, collateral support, participation loans, or investment capital for small businesses in Pennsylvania.","Potential fit for breweries needing startup capital, expansion financing, equipment financing, working capital, or collateral support; exact terms depend on state-approved programs and local lenders/CDFIs.",3,High,3,5,Varies,Unknown,Varies,Varies,Varies,No,Yes,Varies by state/program,State-specific cycle,Active,https://home.treasury.gov/policy-issues/small-business-programs/state-small-business-credit-initiative-ssbci/capital-program-list-of-programs-and-contacts,https://home.treasury.gov/policy-issues/small-business-programs/state-small-business-credit-initiative-ssbci/capital-program-summaries,Pennsylvania,Unknown,Unknown,Unknown,Unknown,Unknown,Unknown,Unknown,Small business capital; manufacturing; hospitality,Mixed,Ongoing/State-specific,Subpage,High,2026-05-08,2026-08-06,Official Government Site,"Seed row for complete 50-state coverage. additional verification or detail extraction should split state-specific loan participation, collateral support, and venture programs into separate child records.",Tier 2,No,Unknown,2026-05-08,2026-05-08,Yes
STATE-RI-RHODE-ISLAND-S-RHODE-ISLAND-STATE-SMALL-BUSINESS-CREDIT-INITIATIV,Rhode Island State Small Business Credit Initiative (SSBCI) Capital Programs,SSBCI,SSBCI = State Small Business Credit Initiative,Loan / Loan Guarantee / Investment,State,Rhode Island State Small Business Credit Initiative (SSBCI) administrator / U.S. Treasury approved programs,Access to Capital,"State-administered State Small Business Credit Initiative (SSBCI) capital programs intended to expand access to loans, guarantees, collateral support, participation loans, or investment capital for small businesses in Rhode Island.","Potential fit for breweries needing startup capital, expansion financing, equipment financing, working capital, or collateral support; exact terms depend on state-approved programs and local lenders/CDFIs.",3,Medium,3,5,Varies,Unknown,Varies,Varies,Varies,No,Yes,Varies by state/program,State-specific cycle,Active,https://home.treasury.gov/policy-issues/small-business-programs/state-small-business-credit-initiative-ssbci/capital-program-list-of-programs-and-contacts,https://home.treasury.gov/policy-issues/small-business-programs/state-small-business-credit-initiative-ssbci/capital-program-summaries,Rhode Island,Unknown,Unknown,Unknown,Unknown,Unknown,Unknown,Unknown,Small business capital; manufacturing; hospitality,Mixed,Ongoing/State-specific,Subpage,Medium,2026-05-08,2026-11-04,Official Government Site,"Seed row for complete 50-state coverage. additional verification or detail extraction should split state-specific loan participation, collateral support, and venture programs into separate child records.",Tier 2,Yes,Unknown,2026-05-08,2026-05-08,Yes
STATE-SC-SOUTH-CAROLINA-SOUTH-CAROLINA-STATE-SMALL-BUSINESS-CREDIT-INITIAT,South Carolina State Small Business Credit Initiative (SSBCI) Capital Programs,SSBCI,SSBCI = State Small Business Credit Initiative,Loan / Loan Guarantee / Investment,State,South Carolina State Small Business Credit Initiative (SSBCI) administrator / U.S. Treasury approved programs,Access to Capital,"State-administered State Small Business Credit Initiative (SSBCI) capital programs intended to expand access to loans, guarantees, collateral support, participation loans, or investment capital for small businesses in South Carolina.","Potential fit for breweries needing startup capital, expansion financing, equipment financing, working capital, or collateral support; exact terms depend on state-approved programs and local lenders/CDFIs.",3,Medium,3,5,Varies,Unknown,Varies,Varies,Varies,No,Yes,Varies by state/program,State-specific cycle,Active,https://home.treasury.gov/policy-issues/small-business-programs/state-small-business-credit-initiative-ssbci/capital-program-list-of-programs-and-contacts,https://home.treasury.gov/policy-issues/small-business-programs/state-small-business-credit-initiative-ssbci/capital-program-summaries,South Carolina,Unknown,Unknown,Unknown,Unknown,Unknown,Unknown,Unknown,Small business capital; manufacturing; hospitality,Mixed,Ongoing/State-specific,Subpage,Medium,2026-05-08,2026-11-04,Official Government Site,"Seed row for complete 50-state coverage. additional verification or detail extraction should split state-specific loan participation, collateral support, and venture programs into separate child records.",Tier 2,Yes,Unknown,2026-05-08,2026-05-08,Yes
STATE-SD-SOUTH-DAKOTA-S-SOUTH-DAKOTA-STATE-SMALL-BUSINESS-CREDIT-INITIATIV,South Dakota State Small Business Credit Initiative (SSBCI) Capital Programs,SSBCI,SSBCI = State Small Business Credit Initiative,Loan / Loan Guarantee / Investment,State,South Dakota State Small Business Credit Initiative (SSBCI) administrator / U.S. Treasury approved programs,Access to Capital,"State-administered State Small Business Credit Initiative (SSBCI) capital programs intended to expand access to loans, guarantees, collateral support, participation loans, or investment capital for small businesses in South Dakota.","Potential fit for breweries needing startup capital, expansion financing, equipment financing, working capital, or collateral support; exact terms depend on state-approved programs and local lenders/CDFIs.",3,Medium,3,5,Varies,Unknown,Varies,Varies,Varies,No,Yes,Varies by state/program,State-specific cycle,Active,https://home.treasury.gov/policy-issues/small-business-programs/state-small-business-credit-initiative-ssbci/capital-program-list-of-programs-and-contacts,https://home.treasury.gov/policy-issues/small-business-programs/state-small-business-credit-initiative-ssbci/capital-program-summaries,South Dakota,Unknown,Unknown,Unknown,Unknown,Unknown,Unknown,Unknown,Small business capital; manufacturing; hospitality,Mixed,Ongoing/State-specific,Subpage,Medium,2026-05-08,2026-11-04,Official Government Site,"Seed row for complete 50-state coverage. additional verification or detail extraction should split state-specific loan participation, collateral support, and venture programs into separate child records.",Tier 2,Yes,Unknown,2026-05-08,2026-05-08,Yes
STATE-TN-TENNESSEE-SSBC-TENNESSEE-STATE-SMALL-BUSINESS-CREDIT-INITIATIVE-S,Tennessee State Small Business Credit Initiative (SSBCI) Capital Programs,SSBCI,SSBCI = State Small Business Credit Initiative,Loan / Loan Guarantee / Investment,State,Tennessee State Small Business Credit Initiative (SSBCI) administrator / U.S. Treasury approved programs,Access to Capital,"State-administered State Small Business Credit Initiative (SSBCI) capital programs intended to expand access to loans, guarantees, collateral support, participation loans, or investment capital for small businesses in Tennessee.","Potential fit for breweries needing startup capital, expansion financing, equipment financing, working capital, or collateral support; exact terms depend on state-approved programs and local lenders/CDFIs.",3,Medium,3,5,Varies,Unknown,Varies,Varies,Varies,No,Yes,Varies by state/program,State-specific cycle,Active,https://home.treasury.gov/policy-issues/small-business-programs/state-small-business-credit-initiative-ssbci/capital-program-list-of-programs-and-contacts,https://home.treasury.gov/policy-issues/small-business-programs/state-small-business-credit-initiative-ssbci/capital-program-summaries,Tennessee,Unknown,Unknown,Unknown,Unknown,Unknown,Unknown,Unknown,Small business capital; manufacturing; hospitality,Mixed,Ongoing/State-specific,Subpage,Medium,2026-05-08,2026-11-04,Official Government Site,"Seed row for complete 50-state coverage. additional verification or detail extraction should split state-specific loan participation, collateral support, and venture programs into separate child records.",Tier 2,Yes,Unknown,2026-05-08,2026-05-08,Yes
STATE-TX-TEXAS-SSBCI-AD-TEXAS-STATE-SMALL-BUSINESS-CREDIT-INITIATIVE-SSBCI,Texas State Small Business Credit Initiative (SSBCI) Capital Programs,SSBCI,SSBCI = State Small Business Credit Initiative,Loan / Loan Guarantee / Investment,State,Texas State Small Business Credit Initiative (SSBCI) administrator / U.S. Treasury approved programs,Access to Capital,"State-administered State Small Business Credit Initiative (SSBCI) capital programs intended to expand access to loans, guarantees, collateral support, participation loans, or investment capital for small businesses in Texas.","Potential fit for breweries needing startup capital, expansion financing, equipment financing, working capital, or collateral support; exact terms depend on state-approved programs and local lenders/CDFIs.",3,High,3,5,Varies,Unknown,Varies,Varies,Varies,No,Yes,Varies by state/program,State-specific cycle,Active,https://home.treasury.gov/policy-issues/small-business-programs/state-small-business-credit-initiative-ssbci/capital-program-list-of-programs-and-contacts,https://home.treasury.gov/policy-issues/small-business-programs/state-small-business-credit-initiative-ssbci/capital-program-summaries,Texas,Unknown,Unknown,Unknown,Unknown,Unknown,Unknown,Unknown,Small business capital; manufacturing; hospitality,Mixed,Ongoing/State-specific,Subpage,High,2026-05-08,2026-08-06,Official Government Site,"Seed row for complete 50-state coverage. additional verification or detail extraction should split state-specific loan participation, collateral support, and venture programs into separate child records.",Tier 2,No,Unknown,2026-05-08,2026-05-08,Yes
STATE-UT-UTAH-SSBCI-ADM-UTAH-STATE-SMALL-BUSINESS-CREDIT-INITIATIVE-SSBCI-,Utah State Small Business Credit Initiative (SSBCI) Capital Programs,SSBCI,SSBCI = State Small Business Credit Initiative,Loan / Loan Guarantee / Investment,State,Utah State Small Business Credit Initiative (SSBCI) administrator / U.S. Treasury approved programs,Access to Capital,"State-administered State Small Business Credit Initiative (SSBCI) capital programs intended to expand access to loans, guarantees, collateral support, participation loans, or investment capital for small businesses in Utah.","Potential fit for breweries needing startup capital, expansion financing, equipment financing, working capital, or collateral support; exact terms depend on state-approved programs and local lenders/CDFIs.",3,Medium,3,5,Varies,Unknown,Varies,Varies,Varies,No,Yes,Varies by state/program,State-specific cycle,Active,https://home.treasury.gov/policy-issues/small-business-programs/state-small-business-credit-initiative-ssbci/capital-program-list-of-programs-and-contacts,https://home.treasury.gov/policy-issues/small-business-programs/state-small-business-credit-initiative-ssbci/capital-program-summaries,Utah,Unknown,Unknown,Unknown,Unknown,Unknown,Unknown,Unknown,Small business capital; manufacturing; hospitality,Mixed,Ongoing/State-specific,Subpage,Medium,2026-05-08,2026-11-04,Official Government Site,"Seed row for complete 50-state coverage. additional verification or detail extraction should split state-specific loan participation, collateral support, and venture programs into separate child records.",Tier 2,Yes,Unknown,2026-05-08,2026-05-08,Yes
STATE-VT-VERMONT-SSBCI--VERMONT-STATE-SMALL-BUSINESS-CREDIT-INITIATIVE-SSB,Vermont State Small Business Credit Initiative (SSBCI) Capital Programs,SSBCI,SSBCI = State Small Business Credit Initiative,Loan / Loan Guarantee / Investment,State,Vermont State Small Business Credit Initiative (SSBCI) administrator / U.S. Treasury approved programs,Access to Capital,"State-administered State Small Business Credit Initiative (SSBCI) capital programs intended to expand access to loans, guarantees, collateral support, participation loans, or investment capital for small businesses in Vermont.","Potential fit for breweries needing startup capital, expansion financing, equipment financing, working capital, or collateral support; exact terms depend on state-approved programs and local lenders/CDFIs.",3,High,3,5,Varies,Unknown,Varies,Varies,Varies,No,Yes,Varies by state/program,State-specific cycle,Active,https://home.treasury.gov/policy-issues/small-business-programs/state-small-business-credit-initiative-ssbci/capital-program-list-of-programs-and-contacts,https://home.treasury.gov/policy-issues/small-business-programs/state-small-business-credit-initiative-ssbci/capital-program-summaries,Vermont,Unknown,Unknown,Unknown,Unknown,Unknown,Unknown,Unknown,Small business capital; manufacturing; hospitality,Mixed,Ongoing/State-specific,Subpage,High,2026-05-08,2026-08-06,Official Government Site,"Seed row for complete 50-state coverage. additional verification or detail extraction should split state-specific loan participation, collateral support, and venture programs into separate child records.",Tier 2,No,Unknown,2026-05-08,2026-05-08,Yes
STATE-VA-VIRGINIA-SSBCI-VIRGINIA-STATE-SMALL-BUSINESS-CREDIT-INITIATIVE-SS,Virginia State Small Business Credit Initiative (SSBCI) Capital Programs,SSBCI,SSBCI = State Small Business Credit Initiative,Loan / Loan Guarantee / Investment,State,Virginia State Small Business Credit Initiative (SSBCI) administrator / U.S. Treasury approved programs,Access to Capital,"State-administered State Small Business Credit Initiative (SSBCI) capital programs intended to expand access to loans, guarantees, collateral support, participation loans, or investment capital for small businesses in Virginia.","Potential fit for breweries needing startup capital, expansion financing, equipment financing, working capital, or collateral support; exact terms depend on state-approved programs and local lenders/CDFIs.",3,High,3,5,Varies,Unknown,Varies,Varies,Varies,No,Yes,Varies by state/program,State-specific cycle,Active,https://home.treasury.gov/policy-issues/small-business-programs/state-small-business-credit-initiative-ssbci/capital-program-list-of-programs-and-contacts,https://home.treasury.gov/policy-issues/small-business-programs/state-small-business-credit-initiative-ssbci/capital-program-summaries,Virginia,Unknown,Unknown,Unknown,Unknown,Unknown,Unknown,Unknown,Small business capital; manufacturing; hospitality,Mixed,Ongoing/State-specific,Subpage,High,2026-05-08,2026-08-06,Official Government Site,"Seed row for complete 50-state coverage. additional verification or detail extraction should split state-specific loan participation, collateral support, and venture programs into separate child records.",Tier 2,No,Unknown,2026-05-08,2026-05-08,Yes
STATE-WA-WASHINGTON-SSB-WASHINGTON-STATE-SMALL-BUSINESS-CREDIT-INITIATIVE-,Washington State Small Business Credit Initiative (SSBCI) Capital Programs,SSBCI,SSBCI = State Small Business Credit Initiative,Loan / Loan Guarantee / Investment,State,Washington State Small Business Credit Initiative (SSBCI) administrator / U.S. Treasury approved programs,Access to Capital,"State-administered State Small Business Credit Initiative (SSBCI) capital programs intended to expand access to loans, guarantees, collateral support, participation loans, or investment capital for small businesses in Washington.","Potential fit for breweries needing startup capital, expansion financing, equipment financing, working capital, or collateral support; exact terms depend on state-approved programs and local lenders/CDFIs.",3,High,3,5,Varies,Unknown,Varies,Varies,Varies,No,Yes,Varies by state/program,State-specific cycle,Active,https://home.treasury.gov/policy-issues/small-business-programs/state-small-business-credit-initiative-ssbci/capital-program-list-of-programs-and-contacts,https://home.treasury.gov/policy-issues/small-business-programs/state-small-business-credit-initiative-ssbci/capital-program-summaries,Washington,Unknown,Unknown,Unknown,Unknown,Unknown,Unknown,Unknown,Small business capital; manufacturing; hospitality,Mixed,Ongoing/State-specific,Subpage,High,2026-05-08,2026-08-06,Official Government Site,"Seed row for complete 50-state coverage. additional verification or detail extraction should split state-specific loan participation, collateral support, and venture programs into separate child records.",Tier 2,No,Unknown,2026-05-08,2026-05-08,Yes
STATE-WV-WEST-VIRGINIA--WEST-VIRGINIA-STATE-SMALL-BUSINESS-CREDIT-INITIATI,West Virginia State Small Business Credit Initiative (SSBCI) Capital Programs,SSBCI,SSBCI = State Small Business Credit Initiative,Loan / Loan Guarantee / Investment,State,West Virginia State Small Business Credit Initiative (SSBCI) administrator / U.S. Treasury approved programs,Access to Capital,"State-administered State Small Business Credit Initiative (SSBCI) capital programs intended to expand access to loans, guarantees, collateral support, participation loans, or investment capital for small businesses in West Virginia.","Potential fit for breweries needing startup capital, expansion financing, equipment financing, working capital, or collateral support; exact terms depend on state-approved programs and local lenders/CDFIs.",3,Medium,3,5,Varies,Unknown,Varies,Varies,Varies,No,Yes,Varies by state/program,State-specific cycle,Active,https://home.treasury.gov/policy-issues/small-business-programs/state-small-business-credit-initiative-ssbci/capital-program-list-of-programs-and-contacts,https://home.treasury.gov/policy-issues/small-business-programs/state-small-business-credit-initiative-ssbci/capital-program-summaries,West Virginia,Unknown,Unknown,Unknown,Unknown,Unknown,Unknown,Unknown,Small business capital; manufacturing; hospitality,Mixed,Ongoing/State-specific,Subpage,Medium,2026-05-08,2026-11-04,Official Government Site,"Seed row for complete 50-state coverage. additional verification or detail extraction should split state-specific loan participation, collateral support, and venture programs into separate child records.",Tier 2,Yes,Unknown,2026-05-08,2026-05-08,Yes
STATE-WI-WISCONSIN-SSBC-WISCONSIN-STATE-SMALL-BUSINESS-CREDIT-INITIATIVE-S,Wisconsin State Small Business Credit Initiative (SSBCI) Capital Programs,SSBCI,SSBCI = State Small Business Credit Initiative,Loan / Loan Guarantee / Investment,State,Wisconsin State Small Business Credit Initiative (SSBCI) administrator / U.S. Treasury approved programs,Access to Capital,"State-administered State Small Business Credit Initiative (SSBCI) capital programs intended to expand access to loans, guarantees, collateral support, participation loans, or investment capital for small businesses in Wisconsin.","Potential fit for breweries needing startup capital, expansion financing, equipment financing, working capital, or collateral support; exact terms depend on state-approved programs and local lenders/CDFIs.",3,High,3,5,Varies,Unknown,Varies,Varies,Varies,No,Yes,Varies by state/program,State-specific cycle,Active,https://home.treasury.gov/policy-issues/small-business-programs/state-small-business-credit-initiative-ssbci/capital-program-list-of-programs-and-contacts,https://home.treasury.gov/policy-issues/small-business-programs/state-small-business-credit-initiative-ssbci/capital-program-summaries,Wisconsin,Unknown,Unknown,Unknown,Unknown,Unknown,Unknown,Unknown,Small business capital; manufacturing; hospitality,Mixed,Ongoing/State-specific,Subpage,High,2026-05-08,2026-08-06,Official Government Site,"Seed row for complete 50-state coverage. additional verification or detail extraction should split state-specific loan participation, collateral support, and venture programs into separate child records.",Tier 2,No,Unknown,2026-05-08,2026-05-08,Yes
STATE-WY-WYOMING-SSBCI--WYOMING-STATE-SMALL-BUSINESS-CREDIT-INITIATIVE-SSB,Wyoming State Small Business Credit Initiative (SSBCI) Capital Programs,SSBCI,SSBCI = State Small Business Credit Initiative,Loan / Loan Guarantee / Investment,State,Wyoming State Small Business Credit Initiative (SSBCI) administrator / U.S. Treasury approved programs,Access to Capital,"State-administered State Small Business Credit Initiative (SSBCI) capital programs intended to expand access to loans, guarantees, collateral support, participation loans, or investment capital for small businesses in Wyoming.","Potential fit for breweries needing startup capital, expansion financing, equipment financing, working capital, or collateral support; exact terms depend on state-approved programs and local lenders/CDFIs.",3,Medium,3,5,Varies,Unknown,Varies,Varies,Varies,No,Yes,Varies by state/program,State-specific cycle,Active,https://home.treasury.gov/policy-issues/small-business-programs/state-small-business-credit-initiative-ssbci/capital-program-list-of-programs-and-contacts,https://home.treasury.gov/policy-issues/small-business-programs/state-small-business-credit-initiative-ssbci/capital-program-summaries,Wyoming,Unknown,Unknown,Unknown,Unknown,Unknown,Unknown,Unknown,Small business capital; manufacturing; hospitality,Mixed,Ongoing/State-specific,Subpage,Medium,2026-05-08,2026-11-04,Official Government Site,"Seed row for complete 50-state coverage. additional verification or detail extraction should split state-specific loan participation, collateral support, and venture programs into separate child records.",Tier 2,Yes,Unknown,2026-05-08,2026-05-08,Yes
STATE-PENNSYLVANIA-D-PENNSYLVANIA-STATE-SMALL-BUSINESS-CREDIT-INITIATIV,Pennsylvania State Small Business Credit Initiative (PA-SSBCI),SSBCI,SSBCI = State Small Business Credit Initiative,Loan / Loan Guarantee,State,Pennsylvania Department of Community & Economic Development,Access to Capital,Includes programs supporting private financing for small businesses through program administrators.,Strong fit for breweries seeking expansion/job-creation financing; terms vary by administrator.,3,High,3,5,Varies,Unknown,Varies,Varies,Varies,No,Yes,Varies,Rolling/Administrator-specific,Active,https://dced.pa.gov/programs-funding/federal-funding-opportunities/pennsylvania-state-small-business-credit-initiative-pa-ssbci/,https://dced.pa.gov/programs-funding/federal-funding-opportunities/pennsylvania-state-small-business-credit-initiative-pa-ssbci/,Pennsylvania,Unknown,Unknown,Unknown,Unknown,Unknown,Unknown,Unknown,Unknown,Potentially,Potentially,Potentially,Potentially,2026-05-08,2026-11-04,Small business capital,Mixed,Tier 2,Yes,Unknown,2026-05-08,2026-05-08,Yes
STATE-COLORADO-OFFIC-COLORADO-STARTUP-LOAN-FUND,Colorado Startup Loan Fund,None,None,Loan / Technical Assistance,State,Colorado Office of Economic Development and International Trade,Startup / Access to Capital,Provides loan capital through mission-based lenders for Colorado entrepreneurs and small businesses.,"Good fit for startup breweries, taprooms, and small beverage businesses that need smaller or first-time loans.",3,High,3,5,Varies,Unknown,Varies,Varies,Varies,No,Yes,Rolling,Rolling through lenders,Active,https://oedit.colorado.gov/colorado-startup-loan-fund,https://oedit.colorado.gov/colorado-startup-loan-fund,Colorado,Unknown,Unknown,Unknown,Unknown,Unknown,Unknown,Unknown,Unknown,Unknown,Unknown,Unknown,Potentially,2026-05-08,2026-11-04,Small business startup capital,Startup,Tier 2,No,Unknown,2026-05-08,2026-05-08,Yes
STATE-COLORADO-OFFIC-COLORADO-COMMUNITY-DEVELOPMENT-BLOCK-GRANT-BUSINES,Colorado Community Development Block Grant Business Loan,None,None,Loan / Loan Guarantee,State,Colorado Office of Economic Development and International Trade,Rural Business Financing,Aids businesses in rural areas by providing loans and loan guarantees.,"Potential fit for rural breweries and brewpubs needing equipment, renovation, expansion, or working capital support.",3,High,3,5,Varies,Unknown,Varies,Varies,Varies,No,Yes,Rolling,Rolling/Local Community Development Block Grant (CDBG) administration,Active,https://oedit.colorado.gov/community-development-block-grant-business-loan,https://oedit.colorado.gov/community-development-block-grant-business-loan,Colorado,Unknown,Unknown,Unknown,Unknown,Unknown,Unknown,Unknown,Unknown,Unknown,Unknown,Yes,Potentially,2026-05-08,2026-11-04,Rural business financing,Rural Development,Tier 2,No,Unknown,2026-05-08,2026-05-08,Yes
FED-SBA-STEP-2,Colorado State Trade Expansion Program Grant,STEP; SBA,STEP = State Trade Expansion Program; SBA = U.S. Small Business Administration,Grant / Matching Funds,State,Colorado Office of Economic Development and International Trade,Export Assistance,Helps Colorado small businesses expand internationally by funding international business development activities.,Fit for breweries exploring export markets or international trade shows.,3,High,3,5,Varies,Unknown,Varies,Match/reimbursement likely; verify cycle,N/A,No,Yes,Varies,Annual/State cycle,Active,https://oedit.colorado.gov/state-trade-expansion-program-grant,https://oedit.colorado.gov/state-trade-expansion-program-grant,Colorado,Unknown,Unknown,Unknown,Unknown,Unknown,Unknown,Unknown,Unknown,Unknown,Unknown,Unknown,Unknown,2026-05-08,2026-11-04,Export assistance,Export,Tier 2,Yes,Unknown,2026-05-08,2026-05-08,Yes
STATE-BUSINESS-OREGO-OREGON-BUSINESS-DEVELOPMENT-FUND-OBDF,Oregon Business Development Fund (OBDF),None,None,Loan,State,Business Oregon,Business Expansion / Manufacturing,"Revolving loan fund providing fixed-rate term gap financing for land, buildings, equipment, machinery, and permanent working capital.","Strong brewery fit for manufacturing/processing/distribution expansion, facility improvements, equipment, and job creation/retention.",4,High,3,5,Varies,Unknown,Varies,Usually paired with traditional lender,Fixed rate; verify current rate,No,Yes,Rolling,Rolling,Active,https://www.oregon.gov/biz/programs/obdf/pages/default.aspx,https://www.oregon.gov/biz/programs/obdf/pages/default.aspx,Oregon,Unknown,Unknown,Unknown,Unknown,Unknown,Unknown,Unknown,Unknown,Unknown,Unknown,Potentially,Potentially,2026-05-08,2026-11-04,Manufacturing/processing/distribution,Expansion,Tier 1,No,Unknown,2026-05-08,2026-05-08,Yes
STATE-WASHINGTON-STA-WASHINGTON-ACCESS-TO-CAPITAL-PROGRAMS,Washington Access to Capital Programs,None,None,Loan / Loan Guarantee,State,Washington State Department of Commerce,Access to Capital,"State Commerce loan programs may support equipment, renovation, expansion, construction, early-stage product development, and redevelopment of abandoned/underutilized properties.","Strong fit for Washington breweries needing equipment, facility renovation/expansion, or redevelopment capital.",3,High,3,5,Varies,Unknown,Varies,Varies,Varies,No,Yes,Varies,Program-specific,Active,https://www.commerce.wa.gov/access-to-capital/,https://www.commerce.wa.gov/access-to-capital/,Washington,Unknown,Unknown,Unknown,Unknown,Unknown,Unknown,Unknown,Unknown,Potentially,Potentially,Unknown,Potentially,2026-05-08,2026-11-04,Small business capital/redevelopment,Mixed,Tier 2,Yes,Unknown,2026-05-08,2026-05-08,Yes
STATE-WASHINGTON-DEP-WASHINGTON-SMALL-BUSINESS-FLEX-FUND-2,Washington Small Business Flex Fund 2,None,None,Loan,State,Washington Department of Commerce-approved lenders,Small Business Financing,Affordable loan program for small businesses and nonprofits through approved community lenders.,Fit for smaller breweries/taprooms needing flexible capital; not forgivable.,3,High,3,5,Varies,Unknown,Varies,No grant match; underwriting varies,3- to 6-year repayment; rate varies,No,Yes,Rolling,Rolling,Active,https://smallbusinessflexfund.org/,https://smallbusinessflexfund.org/,Washington,Unknown,Unknown,Unknown,Unknown,Unknown,Unknown,Unknown,Unknown,Unknown,Unknown,Unknown,Potentially,2026-05-08,2026-11-04,Small business capital,Mixed,Tier 2,No,Unknown,2026-05-08,2026-05-08,Yes
STATE-NORTH-CAROLINA-NORTH-CAROLINA-RURAL-BUILDING-REUSE-PROGRAM,North Carolina Rural Building Reuse Program,None,None,Grant,State,North Carolina Department of Commerce,Building Reuse / Rural Development,Provides grants to local governments to assist with building improvements to real property that lead to direct creation of new full-time private-sector jobs.,"Strong fit for rural breweries renovating vacant buildings or expanding existing facilities, typically via local government applicant.",4,High,3,5,Varies,Unknown,Varies,Cash match equal to grant request amount,N/A,No,Yes,Ongoing/Varies,Rolling/Competitive,Active,https://www.commerce.nc.gov/grants-incentives/building-or-site-funds/building-reuse/building-reuse-state-rural-grants,https://www.commerce.nc.gov/grants-incentives/building-or-site-funds/building-reuse/building-reuse-state-rural-grants,North Carolina,Unknown,Unknown,Unknown,Unknown,Unknown,Unknown,Unknown,Unknown,Unknown,Unknown,Yes,Potentially,2026-05-08,2026-11-04,Building reuse/manufacturing/hospitality,Expansion,Tier 1,No,Unknown,2026-05-08,2026-05-08,Yes
STATE-EMPIRE-STATE-D-NEW-YORK-STATE-SSBCI-PROGRAMS,New York State State Small Business Credit Initiative (SSBCI) Programs,SSBCI,SSBCI = State Small Business Credit Initiative,Loan / Loan Guarantee / Investment,State,Empire State Development,Access to Capital,New York State Small Business Credit Initiative (SSBCI) supports programs for small businesses including SEDI-owned and very small businesses.,Potential fit for brewery startup/expansion capital; program-specific lender/partner requirements apply.,3,High,3,5,Varies,Unknown,Varies,Varies,Varies,No,Yes,Varies,Program-specific,Active,https://esd.ny.gov/ssbci,https://esd.ny.gov/ssbci,New York,Unknown,Unknown,Unknown,Unknown,Unknown,Unknown,Unknown,Unknown,Potentially,Potentially,Unknown,Potentially,2026-05-08,2026-11-04,Small business capital,Mixed,Tier 2,Yes,Unknown,2026-05-08,2026-05-08,Yes
STATE-GEORGIA-DEPART-GEORGIA-STATE-SMALL-BUSINESS-CREDIT-INITIATIVE,Georgia State Small Business Credit Initiative,None,None,Loan / Loan Guarantee,State,Georgia Department of Community Affairs,Access to Capital,Georgia State Small Business Credit Initiative (SSBCI) strengthens state lending programs that support small businesses and manufacturers; official page notes it is not a grant program.,"Potential fit for Georgia breweries and manufacturers seeking loan support, not grants.",3,High,3,5,Varies,Unknown,Varies,Varies,Varies,No,Yes,Varies,Program-specific,Active,https://dca.georgia.gov/financing-tools/small-business/state-small-business-credit-initiative-ssbci,https://dca.georgia.gov/financing-tools/small-business/state-small-business-credit-initiative-ssbci,Georgia,Unknown,Unknown,Unknown,Unknown,Unknown,Unknown,Unknown,Unknown,Potentially,Potentially,Unknown,Potentially,2026-05-08,2026-11-04,Small business/manufacturing capital,Mixed,Tier 2,Yes,Unknown,2026-05-08,2026-05-08,Yes
STATE-IOWA-ECONOMIC--IOWA-STATE-SMALL-BUSINESS-CREDIT-INITIATIVE,Iowa State Small Business Credit Initiative,None,None,Loan / Investment,State,Iowa Economic Development Authority,Access to Capital,"Iowa State Small Business Credit Initiative (SSBCI) is an investment in small businesses, startups, and manufacturers.",Potential fit for Iowa breweries as small businesses/manufacturers depending on program terms.,3,High,3,5,$96M statewide program allocation referenced by source,Unknown,Varies,Varies,Varies,No,Yes,Varies,Program-specific,Active,https://opportunityiowa.gov/business/small-business-entrepreneurs/small-business-resources/state-small-business-credit-initiative-ssbci,https://opportunityiowa.gov/business/small-business-entrepreneurs/small-business-resources/state-small-business-credit-initiative-ssbci,Iowa,Unknown,Unknown,Unknown,Unknown,Unknown,Unknown,Unknown,Unknown,Potentially,Potentially,Unknown,Potentially,2026-05-08,2026-11-04,Small business/startup/manufacturing capital,Mixed,Tier 2,Yes,Unknown,2026-05-08,2026-05-08,Yes
MUNI-PA-CITY-OF-PHILAD-PHILADELPHIA-STOREFRONT-IMPROVEMENT-PROGRAM,Philadelphia Storefront Improvement Program,None,None,Grant / Matching Funds,Municipal,City of Philadelphia Department of Commerce,Facade Improvement,Matching reimbursement for eligible exterior improvements to commercial properties.,Potential fit for brewery taprooms/brewpubs with street-facing commercial storefronts.,3,Medium,4,4,Varies,Unknown,Varies,Match required,N/A,No,Yes,Varies,Program-specific,Active,https://www.phila.gov/programs/storefront-improvement-program/,https://www.phila.gov/programs/storefront-improvement-program/,Pennsylvania,Philadelphia County,Philadelphia,Unknown,Unknown,Unknown,Unknown,Unknown,Mixed small business / redevelopment,Mixed,Program-specific,Landing Page,High,2026-05-08,2026-08-06,Economic Development Authority,Local high-priority seed record; verify active application windows and sub-guidelines before production.,Tier 2,Yes,Unknown,2026-05-08,2026-05-08,Yes
MUNI-PA-URBAN-REDEVELO-PITTSBURGH-URBAN-REDEVELOPMENT-AUTHORITY-BUSINESS-,Pittsburgh Urban Redevelopment Authority Business Financing Programs,None,None,Loan / Grant / Incentive,Municipal,Urban Redevelopment Authority of Pittsburgh,Redevelopment / Small Business Financing,Municipal redevelopment authority financing and incentive programs for businesses and property redevelopment.,"Potential fit for breweries, brewpubs, and taprooms in Pittsburgh needing real estate, storefront, or expansion financing.",3,Medium,4,4,Varies,Unknown,Varies,Varies,Varies,Potentially,Yes,Varies,Program-specific,Active,https://www.ura.org/pages/business-support,https://www.ura.org/pages/business-support,Pennsylvania,Allegheny County,Pittsburgh,Unknown,Unknown,Unknown,Unknown,Unknown,Mixed small business / redevelopment,Mixed,Program-specific,Landing Page,High,2026-05-08,2026-08-06,Economic Development Authority,Local high-priority seed record; verify active application windows and sub-guidelines before production.,Tier 2,Yes,Unknown,2026-05-08,2026-05-08,Yes
MUNI-CO-CITY-AND-COUNT-DENVER-BUSINESS-INCENTIVE-FUND-BUSINESS-SUPPORT-PR,Denver Business Incentive Fund / Business Support Programs,None,None,Incentive / Grant / Technical Assistance,Municipal,City and County of Denver Economic Development & Opportunity,Small Business / Redevelopment,"Denver business support and incentive resources for growth, retention, and neighborhood investment.","Potential fit for Denver breweries/taprooms depending on location, project, and current funding rounds.",3,Medium,4,4,Varies,Unknown,Varies,Varies,N/A,Potentially,Yes,Varies,Program-specific,Active,https://denvergov.org/Government/Agencies-Departments-Offices/Agencies-Departments-Offices-Directory/Economic-Development-Opportunity/Business-Development,https://denvergov.org/Government/Agencies-Departments-Offices/Agencies-Departments-Offices-Directory/Economic-Development-Opportunity/Business-Development,Colorado,Denver County,Denver,Unknown,Unknown,Unknown,Unknown,Unknown,Mixed small business / redevelopment,Mixed,Program-specific,Landing Page,Medium,2026-05-08,2026-11-04,Economic Development Authority,Local high-priority seed record; verify active application windows and sub-guidelines before production.,Tier 2,Yes,Unknown,2026-05-08,2026-05-08,Yes
COUNTY-CO-BOULDER-COUNTY-BOULDER-COUNTY-ECONOMIC-DEVELOPMENT-BUSINESS-RESOU,Boulder County Economic Development Business Resources,None,None,Loan / Grant / Technical Assistance,County,Boulder County Economic Development,Small Business Support,"County economic development resources and connections to financing, workforce, and business support.",Potential fit for breweries in Boulder County; requires program-level follow-up.,2,Low,4,4,Varies,Unknown,Varies,Varies,Varies,Potentially,Yes,Varies,Program-specific,Active,https://bouldercounty.gov/business/economic-development/,https://bouldercounty.gov/business/economic-development/,Colorado,Boulder County,Unknown,Unknown,Unknown,Unknown,Unknown,Unknown,Mixed small business / redevelopment,Mixed,Program-specific,Landing Page,Medium,2026-05-08,2026-11-04,Economic Development Authority,Local high-priority seed record; verify active application windows and sub-guidelines before production.,Tier 3,Yes,Unknown,2026-05-08,2026-05-08,Yes
MUNI-CA-CITY-OF-LOS-AN-LOS-ANGELES-ECONOMIC-WORKFORCE-DEVELOPMENT-BUSINES,Los Angeles Economic & Workforce Development BusinessSource / Financing Resources,None,None,Loan / Technical Assistance,Municipal,City of Los Angeles Economic & Workforce Development Department,Small Business Financing,BusinessSource centers and city-linked financing/technical assistance resources for LA businesses.,"Potential fit for brewery startups/taprooms in Los Angeles seeking capital readiness, loans, or technical assistance.",2,Medium,4,4,Varies,Unknown,Varies,Varies,Varies,No,Yes,Rolling,Rolling,Active,https://ewddlacity.com/index.php/local-business/businesssource-centers,https://ewddlacity.com/index.php/local-business/businesssource-centers,California,Los Angeles County,Los Angeles,Unknown,Unknown,Unknown,Unknown,Unknown,Mixed small business / redevelopment,Mixed,Program-specific,Landing Page,Medium,2026-05-08,2026-11-04,Economic Development Authority,Local high-priority seed record; verify active application windows and sub-guidelines before production.,Tier 3,Yes,Unknown,2026-05-08,2026-05-08,Yes
MUNI-CA-SAN-FRANCISCO--SAN-FRANCISCO-SMALL-BUSINESS-FINANCING-AND-STOREFR,San Francisco Small Business Financing and Storefront Resources,None,None,Loan / Grant / Technical Assistance,Municipal,San Francisco Office of Economic and Workforce Development,Small Business / Storefront,"City small business resources for financing, storefront assistance, and business support.",Potential fit for San Francisco breweries/taprooms; specific grants vary by cycle.,2,Medium,4,4,Varies,Unknown,Varies,Varies,Varies,Potentially,Yes,Varies,Program-specific,Active,https://www.sf.gov/departments/office-economic-and-workforce-development,https://www.sf.gov/departments/office-economic-and-workforce-development,California,San Francisco County,San Francisco,Unknown,Unknown,Unknown,Unknown,Unknown,Mixed small business / redevelopment,Mixed,Program-specific,Landing Page,Medium,2026-05-08,2026-11-04,Economic Development Authority,Local high-priority seed record; verify active application windows and sub-guidelines before production.,Tier 3,Yes,Unknown,2026-05-08,2026-05-08,Yes
MUNI-OR-PROSPER-PORTLA-PROSPER-PORTLAND-BUSINESS-FINANCE-AND-INCENTIVES,Prosper Portland Business Finance and Incentives,None,None,Loan / Grant / Incentive,Municipal,Prosper Portland,Urban Redevelopment / Small Business Financing,Economic development and redevelopment resources supporting Portland businesses and districts.,"Potential fit for Portland breweries expanding, improving storefronts, or redeveloping commercial space.",3,Medium,4,4,Varies,Unknown,Varies,Varies,Varies,Potentially,Yes,Varies,Program-specific,Active,https://prosperportland.us/,https://prosperportland.us/,Oregon,Multnomah County,Portland,Unknown,Unknown,Unknown,Unknown,Unknown,Mixed small business / redevelopment,Mixed,Program-specific,Landing Page,Medium,2026-05-08,2026-11-04,Economic Development Authority,Local high-priority seed record; verify active application windows and sub-guidelines before production.,Tier 2,Yes,Unknown,2026-05-08,2026-05-08,Yes
MUNI-WA-CITY-OF-SEATTL-SEATTLE-OFFICE-OF-ECONOMIC-DEVELOPMENT-SMALL-BUSIN,Seattle Office of Economic Development Small Business Programs,None,None,Grant / Loan / Technical Assistance,Municipal,City of Seattle Office of Economic Development,Small Business / Neighborhood Business,"Seattle OED programs and resources for small businesses, neighborhood business districts, and economic recovery/growth.",Potential fit for Seattle breweries/taprooms depending on active funding rounds.,2,Medium,4,4,Varies,Unknown,Varies,Varies,Varies,Potentially,Yes,Varies,Program-specific,Active,https://www.seattle.gov/office-of-economic-development,https://www.seattle.gov/office-of-economic-development,Washington,King County,Seattle,Unknown,Unknown,Unknown,Unknown,Unknown,Mixed small business / redevelopment,Mixed,Program-specific,Landing Page,Medium,2026-05-08,2026-11-04,Economic Development Authority,Local high-priority seed record; verify active application windows and sub-guidelines before production.,Tier 3,Yes,Unknown,2026-05-08,2026-05-08,Yes
MUNI-MI-DETROIT-ECONOM-DETROIT-ECONOMIC-GROWTH-CORPORATION-SMALL-BUSINESS,Detroit Economic Growth Corporation Small Business / Motor City Match Resources,None,None,Grant / Loan / Technical Assistance,Municipal,Detroit Economic Growth Corporation,Small Business / Commercial Corridor,Detroit small business and commercial corridor resources including business support and real estate assistance.,Potential fit for brewery/taproom startups and expansions in Detroit commercial corridors.,3,Medium,4,4,Varies,Unknown,Varies,Varies,Varies,Potentially,Yes,Varies,Program-specific,Active,https://www.degc.org/,https://www.degc.org/,Michigan,Wayne County,Detroit,Unknown,Unknown,Unknown,Unknown,Unknown,Mixed small business / redevelopment,Mixed,Program-specific,Landing Page,Medium,2026-05-08,2026-11-04,Economic Development Authority,Local high-priority seed record; verify active application windows and sub-guidelines before production.,Tier 2,Yes,Unknown,2026-05-08,2026-05-08,Yes
MUNI-WI-CITY-OF-MILWAU-MILWAUKEE-COMMERCIAL-REVITALIZATION-BUSINESS-FINAN,Milwaukee Commercial Revitalization / Business Financing Resources,None,None,Loan / Grant / Incentive,Municipal,City of Milwaukee Department of City Development,Commercial Revitalization,"City resources for business development, commercial corridors, and redevelopment.",Potential fit for breweries/taprooms in Milwaukee redevelopment areas; verify active programs.,3,Medium,4,4,Varies,Unknown,Varies,Varies,Varies,Potentially,Yes,Varies,Program-specific,Active,https://city.milwaukee.gov/DCD,https://city.milwaukee.gov/DCD,Wisconsin,Milwaukee County,Milwaukee,Unknown,Unknown,Unknown,Unknown,Unknown,Mixed small business / redevelopment,Mixed,Program-specific,Landing Page,Medium,2026-05-08,2026-11-04,Economic Development Authority,Local high-priority seed record; verify active application windows and sub-guidelines before production.,Tier 2,Yes,Unknown,2026-05-08,2026-05-08,Yes
REG-NC-ASHEVILLE-BUNC-ASHEVILLE-BUNCOMBE-ECONOMIC-DEVELOPMENT-COALITION-,Asheville-Buncombe Economic Development Coalition Business Expansion Resources,None,None,Loan / Grant / Technical Assistance,Regional,Asheville-Buncombe Economic Development Coalition,Economic Development / Manufacturing,Regional economic development resources for business growth and site/expansion support.,Potential fit for brewery-dense Asheville/Buncombe beverage manufacturers expanding operations.,3,Low,4,4,Varies,Unknown,Varies,Varies,Varies,Potentially,Yes,Varies,Program-specific,Active,https://www.ashevillechamber.org/economic-development/,https://www.ashevillechamber.org/economic-development/,North Carolina,Buncombe County,Asheville,Unknown,Unknown,Unknown,Unknown,Unknown,Mixed small business / redevelopment,Mixed,Program-specific,Landing Page,High,2026-05-08,2026-08-06,Economic Development Authority,Local high-priority seed record; verify active application windows and sub-guidelines before production.,Tier 2,Yes,Unknown,2026-05-08,2026-05-08,Yes
MUNI-NY-NYC-DEPARTMENT-NYC-SMALL-BUSINESS-SERVICES-FINANCING-ASSISTANCE,NYC Small Business Services Financing Assistance,None,None,Loan / Technical Assistance,Municipal,NYC Department of Small Business Services,Small Business Financing,City assistance connecting small businesses to financing resources and technical assistance.,"Potential fit for NYC breweries/taprooms needing capital readiness, lender connections, or city-linked financing.",2,High,4,4,Varies,Unknown,Varies,Varies,Varies,No,Yes,Rolling,Rolling,Active,https://www.nyc.gov/site/sbs/businesses/financing-assistance.page,https://www.nyc.gov/site/sbs/businesses/financing-assistance.page,New York,New York City,New York,Unknown,Unknown,Unknown,Unknown,Unknown,Mixed small business / redevelopment,Mixed,Program-specific,Landing Page,Medium,2026-05-08,2026-11-04,Economic Development Authority,Local high-priority seed record; verify active application windows and sub-guidelines before production.,Tier 3,Yes,Unknown,2026-05-08,2026-05-08,Yes
MUNI-VT-CITY-OF-BURLIN-BURLINGTON-COMMUNITY-AND-ECONOMIC-DEVELOPMENT-OFFI,Burlington Community and Economic Development Office Business Resources,None,None,Loan / Grant / Technical Assistance,Municipal,City of Burlington CEDO,Small Business / Downtown Development,Municipal economic development resources for Burlington businesses and community development.,Potential fit for breweries/taprooms in Burlington; active financial programs require verification.,2,Low,4,4,Varies,Unknown,Varies,Varies,Varies,Potentially,Yes,Varies,Program-specific,Active,https://www.burlingtonvt.gov/cedo,https://www.burlingtonvt.gov/cedo,Vermont,Chittenden County,Burlington,Unknown,Unknown,Unknown,Unknown,Unknown,Mixed small business / redevelopment,Mixed,Program-specific,Landing Page,Medium,2026-05-08,2026-11-04,Economic Development Authority,Local high-priority seed record; verify active application windows and sub-guidelines before production.,Tier 3,Yes,Unknown,2026-05-08,2026-05-08,Yes
MUNI-TX-CITY-OF-AUSTIN-AUSTIN-ECONOMIC-DEVELOPMENT-SMALL-BUSINESS-RESOURC,Austin Economic Development Small Business Resources,None,None,Grant / Loan / Technical Assistance,Municipal,City of Austin Economic Development Department,Small Business / Creative & Commercial Districts,"City small business and economic development resources, including periodic grants and support programs.","Potential fit for Austin breweries/taprooms depending on active grants, districts, and eligibility.",2,Medium,4,4,Varies,Unknown,Varies,Varies,Varies,Potentially,Yes,Varies,Program-specific,Active,https://www.austintexas.gov/department/economic-development,https://www.austintexas.gov/department/economic-development,Texas,Travis County,Austin,Unknown,Unknown,Unknown,Unknown,Unknown,Mixed small business / redevelopment,Mixed,Program-specific,Landing Page,Medium,2026-05-08,2026-11-04,Economic Development Authority,Local high-priority seed record; verify active application windows and sub-guidelines before production.,Tier 3,Yes,Unknown,2026-05-08,2026-05-08,Yes
MUNI-OH-CITY-OF-CLEVEL-CLEVELAND-ECONOMIC-DEVELOPMENT-BUSINESS-ASSISTANCE,Cleveland Economic Development Business Assistance Programs,None,None,Loan / Grant / Incentive,Municipal,City of Cleveland Economic Development,Business Assistance / Redevelopment,"City programs supporting business assistance, real estate, and neighborhood development.",Potential fit for Cleveland breweries/taprooms expanding or redeveloping commercial/industrial buildings.,3,Medium,4,4,Varies,Unknown,Varies,Varies,Varies,Potentially,Yes,Varies,Program-specific,Active,https://www.clevelandohio.gov/city-hall/departments/economic-development,https://www.clevelandohio.gov/city-hall/departments/economic-development,Ohio,Cuyahoga County,Cleveland,Unknown,Unknown,Unknown,Unknown,Unknown,Mixed small business / redevelopment,Mixed,Program-specific,Landing Page,Medium,2026-05-08,2026-11-04,Economic Development Authority,Local high-priority seed record; verify active application windows and sub-guidelines before production.,Tier 2,Yes,Unknown,2026-05-08,2026-05-08,Yes
MUNI-VA-CITY-OF-RICHMO-RICHMOND-ECONOMIC-DEVELOPMENT-BUSINESS-ASSISTANCE-,Richmond Economic Development Business Assistance Programs,None,None,Loan / Grant / Incentive,Municipal,City of Richmond Economic Development,Business Assistance / Redevelopment,"City business assistance and economic development resources for growth, relocation, and investment.",Potential fit for Richmond breweries/taprooms needing redevelopment or expansion support.,3,Medium,4,4,Varies,Unknown,Varies,Varies,Varies,Potentially,Yes,Varies,Program-specific,Active,https://www.rva.gov/economic-development,https://www.rva.gov/economic-development,Virginia,Richmond City,Richmond,Unknown,Unknown,Unknown,Unknown,Unknown,Mixed small business / redevelopment,Mixed,Program-specific,Landing Page,Medium,2026-05-08,2026-11-04,Economic Development Authority,Local high-priority seed record; verify active application windows and sub-guidelines before production.,Tier 2,Yes,Unknown,2026-05-08,2026-05-08,Yes
MUNI-MN-CITY-OF-MINNEA-MINNEAPOLIS-BUSINESS-FINANCING-PROGRAMS,Minneapolis Business Financing Programs,None,None,Loan / Grant / Technical Assistance,Municipal,City of Minneapolis Community Planning & Economic Development,Small Business Financing,City business financing and technical assistance resources for Minneapolis businesses.,"Potential fit for brewery/taproom real estate, equipment, or expansion financing depending on active loan funds.",3,Medium,4,4,Varies,Unknown,Varies,Varies,Varies,Potentially,Yes,Rolling,Rolling/Program-specific,Active,https://www2.minneapolismn.gov/business-services/business-financing/,https://www2.minneapolismn.gov/business-services/business-financing/,Minnesota,Hennepin County,Minneapolis,Unknown,Unknown,Unknown,Unknown,Unknown,Mixed small business / redevelopment,Mixed,Program-specific,Landing Page,Medium,2026-05-08,2026-11-04,Economic Development Authority,Local high-priority seed record; verify active application windows and sub-guidelines before production.,Tier 2,Yes,Unknown,2026-05-08,2026-05-08,Yes
MUNI-IL-CITY-OF-CHICAG-CHICAGO-SMALL-BUSINESS-IMPROVEMENT-FUND-SBIF,Chicago Small Business Improvement Fund (SBIF),None,None,Grant / Matching Funds,Municipal,City of Chicago Department of Planning and Development,Building Improvement / Commercial Corridor,"Provides grant funding for permanent building improvements in eligible Tax Increment Financing (TIF) districts, subject to program rules and funding rounds.",Strong fit for breweries/taprooms in eligible Chicago districts renovating commercial or industrial space.,4,Medium,4,4,Varies,Unknown,Varies,Reimbursement/match structure varies,N/A,No,Yes,District-specific rounds,Periodic funding rounds,Active,https://www.chicago.gov/city/en/depts/dcd/supp_info/small_business_improvementfundsbif.html,https://www.chicago.gov/city/en/depts/dcd/supp_info/small_business_improvementfundsbif.html,Illinois,Cook County,Chicago,Unknown,Unknown,Unknown,Unknown,Unknown,Mixed small business / redevelopment,Mixed,Program-specific,Landing Page,High,2026-05-08,2026-08-06,Economic Development Authority,Local high-priority seed record; verify active application windows and sub-guidelines before production.,Tier 1,Yes,Unknown,2026-05-08,2026-05-08,Yes
